"pos_seq"	"emmean"	"SE"	"df"	"asymp.LCL"	"asymp.UCL"
"1"	"ADJ ADJ ADJ"	1.18784342239594	0.228462517606968	Inf	0.740065116068939	1.63562172872295
"2"	"ADJ ADJ ADP"	0.619039208406035	0.270665980980435	Inf	0.088543633844178	1.14953478296789
"3"	"ADJ ADJ ADV"	1.16017018166734	0.25008882572669	Inf	0.670005090307109	1.65033527302756
"4"	"ADJ ADJ CONJ"	0.443931388935929	0.219726396307364	Inf	0.0132755657207211	0.874587212151137
"5"	"ADJ ADJ DET"	2.07944154168035	0.75000000000019	Inf	0.609468553274934	3.54941453008576
"6"	"ADJ ADJ NOUN"	-0.859468396007681	0.116430526874845	Inf	-1.0876680353834	-0.631268756631962
"7"	"ADJ ADJ NUM"	1.60943791243305	0.774596669241562	Inf	0.0912563381748988	3.12761948669119
"8"	"ADJ ADJ PRON"	1.12214278607832	0.307708279677676	Inf	0.519045640165302	1.72523993199135
"9"	"ADJ ADJ PRT"	1.83258146374855	0.380788655293414	Inf	1.08624941365202	2.57891351384508
"10"	"ADJ ADJ VERB"	0.428039430146633	0.150423407638849	Inf	0.133214968742702	0.722863891550563
"11"	"ADJ ADP ADJ"	-1.94591014905494	0.534522483824761	Inf	-2.99355496627837	-0.898265331831517
"12"	"ADJ ADP ADP"	1.60943791243495	1.09544511501052	Inf	-0.537595060026007	3.75647088489591
"13"	"ADJ ADP ADV"	0.318453731118252	0.464660188642188	Inf	-0.592263503670024	1.22917096590653
"14"	"ADJ ADP DET"	-1.05961013086509	0.148577457256324	Inf	-1.35081659600202	-0.768403665728156
"15"	"ADJ ADP NOUN"	-0.38813365175648	0.131538151665443	Inf	-0.645943691613716	-0.130323611899244
"16"	"ADJ ADP NUM"	-1.60943791243438	0.774596669241342	Inf	-3.12761948669209	-0.0912563381766611
"17"	"ADJ ADP PRON"	0.399599988655632	0.171197446042639	Inf	0.0640591601668197	0.735140817144444
"18"	"ADJ ADP VERB"	-14.5660678204706	509.65212900643	Inf	-1013.46588531723	984.333749676293
"19"	"ADJ ADV ADJ"	0.0500104205746141	0.223676707646539	Inf	-0.388387870593097	0.488408711742325
"20"	"ADJ ADV ADP"	-0.427444014826995	0.234675230410329	Inf	-0.887399014494879	0.0325109848408899
"21"	"ADJ ADV ADV"	0.769133087537787	0.196241971619241	Inf	0.384505890908943	1.15376028416663
"22"	"ADJ ADV CONJ"	-0.000000000000510139673559618	0.39223227027625	Inf	-0.76876112331634	0.768761123315319
"23"	"ADJ ADV DET"	-0.387765531008552	0.297230322581238	Inf	-0.970326258381001	0.194795196363898
"24"	"ADJ ADV NOUN"	0.628608659422441	0.437797517885631	Inf	-0.229458708154425	1.48667602699931
"25"	"ADJ ADV NUM"	0.847297860387294	0.690065559342327	Inf	-0.505205782895155	2.19980150366974
"26"	"ADJ ADV PRON"	0.287682072451828	0.288675134594755	Inf	-0.278110794586146	0.853474939489801
"27"	"ADJ ADV PRT"	0.567984037605983	0.303573488211856	Inf	-0.0270090659504485	1.16297714116241
"28"	"ADJ ADV VERB"	-0.090384061468316	0.160807936762551	Inf	-0.405561825951111	0.224793703014479
"29"	"ADJ CONJ ADJ"	-1.56064774826452	0.240039679259787	Inf	-2.03111687447425	-1.09017862205479
"30"	"ADJ CONJ ADP"	-1.17007125265149	0.381567647648352	Inf	-1.91793009970793	-0.422212405595049
"31"	"ADJ CONJ ADV"	0.0855221734382322	0.185069137027898	Inf	-0.277206669786357	0.448251016662821
"32"	"ADJ CONJ CONJ"	0.693147180559738	0.612372435695841	Inf	-0.50708073852918	1.89337509964866
"33"	"ADJ CONJ DET"	-1.11803037452523	0.279381994127418	Inf	-1.66560902094395	-0.570451728106505
"34"	"ADJ CONJ NOUN"	0.189241999638451	0.275951853205404	Inf	-0.351613694111225	0.730097693388126
"35"	"ADJ CONJ NUM"	0.693147180560467	1.22474487139143	Inf	-1.70730865761687	3.0936030187378
"36"	"ADJ CONJ PRON"	-0.00615386557442756	0.11094056440916	Inf	-0.223593376240928	0.211285645092072
"37"	"ADJ CONJ PRT"	0.587786664902401	0.557773351022837	Inf	-0.505429014638577	1.68100234444338
"38"	"ADJ CONJ VERB"	-0.362905493689118	0.325543024605886	Inf	-1.00095809733489	0.275147109956655
"39"	"ADJ DET ADJ"	-0.271933715483746	0.234647658862245	Inf	-0.731834675910387	0.187967244942896
"40"	"ADJ DET ADP"	-14.5660679058872	882.743394057869	Inf	-1744.71132784996	1715.57919203818
"41"	"ADJ DET ADV"	-0.00000000000104695592473281	1.41421356237327	Inf	-2.77180764870074	2.77180764869864
"42"	"ADJ DET CONJ"	-14.5660679060399	882.743394228558	Inf	-1744.71132818466	1715.57919237258
"43"	"ADJ DET NOUN"	-0.131192210271313	0.132448162327788	Inf	-0.390785838252292	0.128401417709666
"44"	"ADJ DET PRON"	-0.693147180560603	0.866025403784562	Inf	-2.3905257816751	1.0042314205539
"45"	"ADJ DET VERB"	-0.6931471805611	1.2247448713916	Inf	-3.09360301873878	1.70730865761658
"46"	"ADJ NOUN ADJ"	-1.61710078517949	0.214697755572586	Inf	-2.03790065366334	-1.19630091669564
"47"	"ADJ NOUN ADP"	-1.81256259685876	0.102369903997419	Inf	-2.01320392179452	-1.611921271923
"48"	"ADJ NOUN ADV"	-0.660648013166942	0.0938986501045567	Inf	-0.844685985568801	-0.476610040765082
"49"	"ADJ NOUN CONJ"	-1.40072462594892	0.120387858563714	Inf	-1.6366804929097	-1.16476875898814
"50"	"ADJ NOUN DET"	-2.43441048577402	0.222347946245705	Inf	-2.87020445245205	-1.99861651909599
"51"	"ADJ NOUN NOUN"	-0.517943091534691	0.137829461605086	Inf	-0.788083872289205	-0.247802310780177
"52"	"ADJ NOUN NUM"	-0.606135803570307	0.50751921892263	Inf	-1.60085519412056	0.388583586979945
"53"	"ADJ NOUN PRON"	-1.46019939060485	0.118330717868426	Inf	-1.69212333589173	-1.22827544531796
"54"	"ADJ NOUN PRT"	-1.21639532432459	0.152145154862513	Inf	-1.51459434827738	-0.918196300371795
"55"	"ADJ NOUN VERB"	-1.05764485017957	0.0593876414437839	Inf	-1.17404248853617	-0.941247211822976
"56"	"ADJ NUM CONJ"	-0.693147180560472	0.866025403784373	Inf	-2.3905257816746	1.00423142055366
"57"	"ADJ NUM NOUN"	0.0822380982369524	0.23428021266258	Inf	-0.376942680872088	0.541418877345993
"58"	"ADJ NUM NUM"	-0.510825623766141	0.730296743340288	Inf	-1.94218093874	0.920529691207715
"59"	"ADJ NUM PRON"	-14.5660679061456	882.743394325296	Inf	-1744.71132837436	1715.57919256207
"60"	"ADJ NUM PRT"	-0.0000000000000281311432481779	1.41421356237327	Inf	-2.77180764869972	2.77180764869966
"61"	"ADJ NUM VERB"	-0.916290731874279	0.836660026534247	Inf	-2.55611425118573	0.72353278743717
"62"	"ADJ PRON ADJ"	-0.287682072451826	0.311804782231331	Inf	-0.89880821583259	0.323444070928938
"63"	"ADJ PRON ADP"	-0.798507696217732	0.401386485959726	Inf	-1.58521075257989	-0.011804639855577
"64"	"ADJ PRON ADV"	-0.213574100297987	0.293394931927327	Inf	-0.788617600122129	0.361469399526154
"65"	"ADJ PRON CONJ"	-0.182321556793958	0.428174419288892	Inf	-1.02152799770154	0.656884884113622
"66"	"ADJ PRON DET"	-14.5660677878589	266.157142456409	Inf	-536.224481230517	507.092345654799
"67"	"ADJ PRON NOUN"	0.0882926071454913	0.171665728748935	Inf	-0.248166038582244	0.424751252873227
"68"	"ADJ PRON PRON"	0.352821374622723	0.255907337699926	Inf	-0.148747790648662	0.854390539894107
"69"	"ADJ PRON PRT"	-0.998528830110573	0.442141065503286	Inf	-1.86510939458318	-0.131948265637968
"70"	"ADJ PRON VERB"	0.285385860191597	0.126770910112564	Inf	0.0369194420836066	0.533852278299587
"71"	"ADJ PRT ADJ"	0.788457360364102	0.381385035698213	Inf	0.0409564261530823	1.53595829457512
"72"	"ADJ PRT ADP"	-0.00000000000014402281450776	0.632455532033714	Inf	-1.23959006460934	1.23959006460905
"73"	"ADJ PRT ADV"	0.969400557187873	0.35410711589825	Inf	0.275363363357952	1.66343775101779
"74"	"ADJ PRT CONJ"	1.70474809223717	0.543557306504676	Inf	0.639395347954406	2.77010083651993
"75"	"ADJ PRT DET"	0.000000000000509818749716562	0.816496580927746	Inf	-1.60030389211797	1.60030389211899
"76"	"ADJ PRT PRON"	0.606135803570581	0.507519218922685	Inf	-0.388583586979781	1.60085519412094
"77"	"ADJ PRT PRT"	0.693147180559214	0.866025403784184	Inf	-1.00423142055455	2.39052578167297
"78"	"ADJ PRT VERB"	-1.00900012997858	0.197454033228557	Inf	-1.39600292370873	-0.621997336248437
"79"	"ADJ VERB ADJ"	0.000000000000113156012337967	0.365148371670295	Inf	-0.715677657487111	0.715677657487337
"80"	"ADJ VERB ADP"	-1.32779815443858	0.239797285693012	Inf	-1.79779219798735	-0.857804110889819
"81"	"ADJ VERB ADV"	-0.0000000000000016531914726059	0.164398987305501	Inf	-0.322216094213641	0.322216094213638
"82"	"ADJ VERB CONJ"	-0.824856525914409	0.118169611207902	Inf	-1.056464707949	-0.593248343879819
"83"	"ADJ VERB DET"	-1.69644928942493	0.327987435088257	Inf	-2.33929284957958	-1.05360572927028
"84"	"ADJ VERB NOUN"	0.405465108108228	0.322748612184069	Inf	-0.227110547832832	1.03804076404929
"85"	"ADJ VERB NUM"	-0.693147180559299	1.22474487139201	Inf	-3.09360301873777	1.70730865761917
"86"	"ADJ VERB PRON"	-0.0551518200750805	0.100163306434042	Inf	-0.251468293258251	0.14116465310809
"87"	"ADJ VERB PRT"	-0.91629073187452	0.418330013267221	Inf	-1.73620249153044	-0.0963789722186038
"88"	"ADJ VERB VERB"	-1.5274808051605	0.141252120282285	Inf	-1.8043298736537	-1.2506317366673
"89"	"ADP ADJ ADJ"	-2.4638532405897	0.520842198506235	Inf	-3.48468519129058	-1.44302128988882
"90"	"ADP ADJ ADP"	-0.606135803570575	0.507519218922602	Inf	-1.60085519412077	0.388583586979623
"91"	"ADP ADJ ADV"	0.00000000000013686968225457	0.426401432711344	Inf	-0.835731451070376	0.835731451070649
"92"	"ADP ADJ CONJ"	-3.0910424533571	1.0224747162912	Inf	-5.09505607239066	-1.08702883432353
"93"	"ADP ADJ DET"	-0.405465108109183	0.912870929175516	Inf	-2.19465925182681	1.38372903560844
"94"	"ADP ADJ NOUN"	-1.59182336573299	0.0977344198424603	Inf	-1.78337930867413	-1.40026742279185
"95"	"ADP ADJ NUM"	1.60943791243514	0.774596669241388	Inf	0.091256338177337	3.12761948669295
"96"	"ADP ADJ PRON"	-1.09861228866797	0.666666666666751	Inf	-2.40525494502817	0.208030367692234
"97"	"ADP ADJ PRT"	-1.38629436111995	0.790569415042319	Inf	-2.9357819418818	0.163193219641892
"98"	"ADP ADJ VERB"	-1.38629436111988	0.353553390593354	Inf	-2.07924627329487	-0.693342448944879
"99"	"ADP ADP ADJ"	-0.336472236621182	0.585540043769228	Inf	-1.48410963391488	0.811165160672512
"100"	"ADP ADP ADP"	1.94591014905573	1.06904496765013	Inf	-0.14937948539231	4.04119978350376
"101"	"ADP ADP ADV"	1.79175946922807	1.08012344973521	Inf	-0.325243591110098	3.90876252956625
"102"	"ADP ADP DET"	-0.182321556793615	0.349602949390047	Inf	-0.867530746487087	0.502887632899857
"103"	"ADP ADP NOUN"	0.446287102628386	0.226384628453646	Inf	0.00258138420575788	0.889992821051014
"104"	"ADP ADP NUM"	1.70474809223839	0.768706114785837	Inf	0.198111792562442	3.21138439191435
"105"	"ADP ADP PRON"	2.94443897916654	1.02597835208457	Inf	0.933558360163036	4.95531959817004
"106"	"ADP ADV ADJ"	-0.998528830111195	0.312640945658521	Inf	-1.61129382369444	-0.385763836527949
"107"	"ADP ADV ADP"	0.00000000000000805345373722233	0.288675134594952	Inf	-0.565792867038351	0.565792867038367
"108"	"ADP ADV ADV"	0.693147180559901	0.280975743474613	Inf	0.142444842820294	1.24384951829951
"109"	"ADP ADV CONJ"	0.847297860386773	0.690065559342441	Inf	-0.505205782895897	2.19980150366944
"110"	"ADP ADV DET"	0.810930216215889	0.300462606288537	Inf	0.222034329189318	1.39982610324246
"111"	"ADP ADV NOUN"	1.20397280432609	0.465474668125756	Inf	0.291659219083872	2.1162863895683
"112"	"ADP ADV NUM"	-1.57553636075868	0.448496850922355	Inf	-2.45457403574613	-0.696498685771236
"113"	"ADP ADV PRON"	0.405465108108314	0.288675134594903	Inf	-0.160327758929949	0.971257975146576
"114"	"ADP ADV PRT"	0.470003629245533	0.403112887414885	Inf	-0.320083111791591	1.26009037028266
"115"	"ADP ADV VERB"	0.466619531261463	0.209704982223697	Inf	0.0556053187244054	0.87763374379852
"116"	"ADP CONJ ADJ"	-14.5660679057338	882.743394036517	Inf	-1744.71132780796	1715.57919199649
"117"	"ADP CONJ ADP"	0.510825623765869	0.73029674334023	Inf	-0.920529691207873	1.94218093873961
"118"	"ADP CONJ ADV"	0.00000000000117542000438453	1.4142135623733	Inf	-2.77180764869858	2.77180764870093
"119"	"ADP CONJ DET"	0.000000000000479486242377369	1.4142135623739	Inf	-2.77180764870045	2.77180764870141
"120"	"ADP CONJ NOUN"	-0.00000000000134735191753554	1.41421356237311	Inf	-2.77180764870073	2.77180764869804
"121"	"ADP CONJ PRON"	1.09861228866842	0.516397779494376	Inf	0.0864912391629888	2.11073333817386
"122"	"ADP DET ADJ"	-1.85629799036571	0.102524941533252	Inf	-2.05724318328796	-1.65535279744346
"123"	"ADP DET ADP"	0.53899650073272	0.475594865605707	Inf	-0.393152307086632	1.47114530855207
"124"	"ADP DET ADV"	-14.5660677807425	156.048456760129	Inf	-320.415422873652	291.283287312167
"125"	"ADP DET CONJ"	0.000000000000476046285724507	1.41421356237291	Inf	-2.77180764869851	2.77180764869947
"126"	"ADP DET DET"	-0.980829253011862	0.677003200386306	Inf	-2.30773114318737	0.34607263716365
"127"	"ADP DET NOUN"	-0.779324876800899	0.0364157258288545	Inf	-0.850698387896339	-0.707951365705459
"128"	"ADP DET NUM"	0.0800427076735702	0.40032038451284	Inf	-0.704570828248822	0.864656243595963
"129"	"ADP DET PRON"	-1.00144854021457	0.275615164352091	Inf	-1.54164433593775	-0.461252744491382
"130"	"ADP DET PRT"	0.000000000000580020406704129	0.816496580927729	Inf	-1.60030389211786	1.60030389211902
"131"	"ADP DET VERB"	-1.60943791243496	1.09544511501052	Inf	-3.75647088489592	0.537595060026001
"132"	"ADP NOUN ADJ"	-1.76358859226214	0.220928775422328	Inf	-2.19660103523844	-1.33057614928584
"133"	"ADP NOUN ADP"	-1.55415613502843	0.100893806940055	Inf	-1.75190436289407	-1.35640790716278
"134"	"ADP NOUN ADV"	-0.476737661427085	0.0936008018313846	Inf	-0.66019186194067	-0.293283460913501
"135"	"ADP NOUN CONJ"	-0.52752747338412	0.0914808611515085	Inf	-0.706826666515786	-0.348228280252454
"136"	"ADP NOUN DET"	-2.34032542097686	0.205341769168614	Inf	-2.74278789306908	-1.93786294888464
"137"	"ADP NOUN NOUN"	-0.759258205671669	0.102767932602863	Inf	-0.960679652338919	-0.557836759004419
"138"	"ADP NOUN NUM"	-0.931558204005729	0.327453977264412	Inf	-1.57335620603837	-0.289760201973084
"139"	"ADP NOUN PRON"	-0.896746135800833	0.123039233923483	Inf	-1.13789860297626	-0.655593668625408
"140"	"ADP NOUN PRT"	-0.556287997842604	0.13525743470657	Inf	-0.82138769850876	-0.291188297176448
"141"	"ADP NOUN VERB"	-0.334736501752877	0.0510218287895078	Inf	-0.434737448605681	-0.234735554900073
"142"	"ADP NUM ADJ"	-0.510825623765617	0.730296743340269	Inf	-1.94218093873944	0.920529691208201
"143"	"ADP NUM ADP"	-0.0645385211373234	0.359397644214283	Inf	-0.768944959925859	0.639867917651212
"144"	"ADP NUM ADV"	-0.693147180560055	0.707106781186517	Inf	-2.07905100490967	0.692756643789564
"145"	"ADP NUM CONJ"	-1.60943791243474	0.489897948556746	Inf	-2.56962024770602	-0.649255577163459
"146"	"ADP NUM DET"	-14.566067798079	360.378475051127	Inf	-720.894899701754	691.762764105596
"147"	"ADP NUM NOUN"	0.0965379270426037	0.11354173718054	Inf	-0.125999788573366	0.319075642658574
"148"	"ADP NUM NUM"	-0.619039208406541	0.468807230938601	Inf	-1.53788449673815	0.299806079925068
"149"	"ADP NUM PRON"	-1.09861228866925	0.816496580927859	Inf	-2.69891618078795	0.501691603449446
"150"	"ADP NUM PRT"	0.559615787935352	0.626783170527937	Inf	-0.668856652415232	1.78808822828594
"151"	"ADP NUM VERB"	-0.382992252256038	0.334845056886288	Inf	-1.03927650415443	0.273291999642351
"152"	"ADP PRON ADJ"	-0.600773860428358	0.150898636448477	Inf	-0.896529753183576	-0.305017967673141
"153"	"ADP PRON ADP"	-0.0779615414697228	0.161287053149358	Inf	-0.394078356815063	0.238155273875617
"154"	"ADP PRON ADV"	0.723918839226725	0.136237315228257	Inf	0.456898608028912	0.990939070424539
"155"	"ADP PRON CONJ"	0.767255152713992	0.237315573274911	Inf	0.30212517612469	1.23238512930329
"156"	"ADP PRON DET"	-0.889857474805929	0.24765985489518	Inf	-1.3752618708169	-0.404453078794961
"157"	"ADP PRON NOUN"	-0.166053139242412	0.05166310979184	Inf	-0.267310973763757	-0.0647953047210674
"158"	"ADP PRON NUM"	-0.356674943938884	0.492805380304615	Inf	-1.32255574072349	0.609205852845725
"159"	"ADP PRON PRON"	-0.420171255497815	0.135684859819192	Inf	-0.686108693990798	-0.154233817004833
"160"	"ADP PRON PRT"	1.29392104098855	0.273774654907807	Inf	0.757332577489362	1.83050950448773
"161"	"ADP PRON VERB"	1.0189145870356	0.0919420066715418	Inf	0.838711565293039	1.19911760877817
"162"	"ADP PRT ADJ"	-14.566067802513	394.774840446468	Inf	-788.310537080137	759.178401475111
"163"	"ADP PRT ADV"	-0.00000000000166511335969455	1.4142135623727	Inf	-2.77180764870025	2.77180764869692
"164"	"ADP PRT CONJ"	-14.5660679062142	882.743394349715	Inf	-1744.71132842229	1715.57919260987
"165"	"ADP PRT VERB"	-0.405465108108411	0.645497224368017	Inf	-1.67061641999029	0.859686203773472
"166"	"ADP VERB ADP"	0.693147180561429	0.86602540378489	Inf	-1.00423142055371	2.39052578167657
"167"	"ADP VERB ADV"	1.38629436111922	1.11803398874982	Inf	-0.805011990322081	3.57760071256053
"168"	"ADP VERB CONJ"	-0.510825623766078	0.5163977794945	Inf	-1.52294667327175	0.501295425739599
"169"	"ADP VERB NOUN"	-0.00000000000225405284715041	1.41421356237317	Inf	-2.77180764870176	2.77180764869725
"170"	"ADP VERB PRON"	0.559615787935229	0.626783170527869	Inf	-0.668856652415222	1.78808822828568
"171"	"ADP VERB PRT"	-14.5660679039067	882.743394187429	Inf	-1744.71132810191	1715.5791922941
"172"	"ADP VERB VERB"	-1.89711998488698	0.619139187366976	Inf	-3.11061049354365	-0.683629476230314
"173"	"ADV ADJ ADJ"	1.05451696880324	0.125948666281442	Inf	0.807662118990754	1.30137181861572
"174"	"ADV ADJ ADP"	-0.802346472525382	0.149268774727961	Inf	-1.09490789500861	-0.509785050042155
"175"	"ADV ADJ ADV"	0.576887374444348	0.138001583395683	Inf	0.306409241179309	0.847365507709387
"176"	"ADV ADJ CONJ"	-0.390056482755452	0.124038268493509	Inf	-0.633167021707439	-0.146945943803465
"177"	"ADV ADJ DET"	-0.476924072090429	0.21217718324115	Inf	-0.892783709584239	-0.0610644345966194
"178"	"ADV ADJ NOUN"	-0.755078138290157	0.090368808850527	Inf	-0.932197748962974	-0.577958527617339
"179"	"ADV ADJ NUM"	1.87180217690159	0.759554525312818	Inf	0.383102662994051	3.36050169080913
"180"	"ADV ADJ PRON"	-0.152340724581979	0.153387721365024	Inf	-0.452975134128091	0.148293684964132
"181"	"ADV ADJ PRT"	0.399155938914736	0.17755605418141	Inf	0.0511524674821303	0.747159410347343
"182"	"ADV ADJ VERB"	-0.494696241835977	0.0802435317663164	Inf	-0.651970674090253	-0.337421809581701
"183"	"ADV ADP ADJ"	-1.46835931417402	0.179934420093581	Inf	-1.82102429713654	-1.1156943312115
"184"	"ADV ADP ADP"	1.05605267424971	0.410461034532675	Inf	0.251563829508619	1.86054151899081
"185"	"ADV ADP ADV"	0.748717031714492	0.205146148111252	Inf	0.346637969849318	1.15079609357967
"186"	"ADV ADP CONJ"	1.38629436112012	1.11803398875031	Inf	-0.805011990322148	3.57760071256238
"187"	"ADV ADP DET"	-0.88579376075166	0.0719275863715279	Inf	-1.02676923953475	-0.744818281968572
"188"	"ADV ADP NOUN"	-0.0655972824858247	0.0572906348499675	Inf	-0.177884863443196	0.0466902984715468
"189"	"ADV ADP NUM"	0.53492317534522	0.19666204053697	Inf	0.149472658766603	0.920373691923837
"190"	"ADV ADP PRON"	0.607315744710127	0.0817771049565554	Inf	0.447035564235327	0.767595925184928
"191"	"ADV ADP PRT"	1.17865499634141	0.571771874896943	Inf	0.0580027141704653	2.29930727851236
"192"	"ADV ADP VERB"	-0.0953101798043954	0.436931448752778	Inf	-0.951680083072748	0.761059723463958
"193"	"ADV ADV ADJ"	-0.216913001563515	0.0748704885929422	Inf	-0.363656462710599	-0.0701695404164317
"194"	"ADV ADV ADP"	-0.142449165546496	0.0779883821304462	Inf	-0.295303585734717	0.0104052546417257
"195"	"ADV ADV ADV"	0.383747967387682	0.0591221842799222	Inf	0.267870615511694	0.499625319263669
"196"	"ADV ADV CONJ"	0.129211731480142	0.14695326799579	Inf	-0.15881138120207	0.417234844162353
"197"	"ADV ADV DET"	-0.0240975515791278	0.082980004229026	Inf	-0.186735371305	0.138540268146745
"198"	"ADV ADV NOUN"	0.73881721739333	0.117516297196997	Inf	0.50848950729071	0.96914492749595
"199"	"ADV ADV NUM"	0.760286483397192	0.201902924111697	Inf	0.364564023764941	1.15600894302944
"200"	"ADV ADV PRON"	0.374961653814716	0.0850981668482895	Inf	0.208172311641688	0.541750995987744
"201"	"ADV ADV PRT"	0.7322499065736	0.0953143317271197	Inf	0.545437249177942	0.919062563969258
"202"	"ADV ADV VERB"	0.287112434156862	0.0631451188721157	Inf	0.163350275368015	0.41087459294571
"203"	"ADV CONJ ADJ"	-0.693147180559647	0.462910049886177	Inf	-1.60043420641819	0.214139845298899
"204"	"ADV CONJ ADP"	0.302280871872999	0.319846510503713	Inf	-0.324606769295091	0.929168513041088
"205"	"ADV CONJ ADV"	0.197168064910979	0.152796690442379	Inf	-0.102307945312999	0.496644075134957
"206"	"ADV CONJ CONJ"	0.747214401829906	0.404651319111279	Inf	-0.0458876099248257	1.54031641358464
"207"	"ADV CONJ DET"	-0.510825623766031	0.220192753025527	Inf	-0.942395489352787	-0.0792557581792753
"208"	"ADV CONJ NOUN"	0.367724780125063	0.25035587206635	Inf	-0.1229637124431	0.858413272693227
"209"	"ADV CONJ NUM"	1.09861228866836	1.15470053837935	Inf	-1.16455917948418	3.36178375682091
"210"	"ADV CONJ PRON"	0.489367996427506	0.094927602482241	Inf	0.303313314423578	0.675422678431433
"211"	"ADV CONJ PRT"	-0.000000000000272719347105266	0.63245553203377	Inf	-1.23959006460958	1.23959006460904
"212"	"ADV CONJ VERB"	0.325422400434666	0.363976142732825	Inf	-0.387957730553481	1.03880253142281
"213"	"ADV DET ADJ"	-0.476924072090332	0.0866209723339381	Inf	-0.646698058170691	-0.307150086009973
"214"	"ADV DET ADP"	-1.79175946922758	1.0801234497349	Inf	-3.90876252956513	0.325243591109979
"215"	"ADV DET ADV"	-1.69459572077398	0.362655862183896	Inf	-2.40538814943674	-0.983803292111222
"216"	"ADV DET DET"	0.980829253011501	0.677003200386148	Inf	-0.346072637163702	2.3077311431867
"217"	"ADV DET NOUN"	-0.0722911111887928	0.0495245507548068	Inf	-0.16935744701874	0.0247752246411545
"218"	"ADV DET NUM"	0.587786664901969	0.557773351022812	Inf	-0.505429014638959	1.6810023444429
"219"	"ADV DET PRON"	1.2098379237787	0.195406485384996	Inf	0.826848250078553	1.59282759747884
"220"	"ADV DET PRT"	1.0986122886686	0.816496580927799	Inf	-0.501691603449979	2.69891618078718
"221"	"ADV DET VERB"	-1.09861228866803	0.666666666666548	Inf	-2.40525494502784	0.208030367691771
"222"	"ADV NOUN ADJ"	0.587786664902349	0.55777335102271	Inf	-0.505429014638379	1.68100234444308
"223"	"ADV NOUN ADP"	-0.557015006235328	0.169110865554526	Inf	-0.888466212116594	-0.225563800354062
"224"	"ADV NOUN ADV"	1.01473080468747	0.216755065963372	Inf	0.589898681932662	1.43956292744229
"225"	"ADV NOUN CONJ"	0.532804530484586	0.171429529941467	Inf	0.19680882591268	0.868800235056492
"226"	"ADV NOUN DET"	-1.609437912434	0.547722557505215	Inf	-2.68295439866439	-0.535921426203614
"227"	"ADV NOUN NOUN"	-0.0784716154415211	0.198181956276538	Inf	-0.466901112129227	0.309957881246185
"228"	"ADV NOUN NUM"	1.79175946922496	1.08012344973459	Inf	-0.325243591112003	3.90876252956192
"229"	"ADV NOUN PRON"	0.130053128248236	0.228403199802929	Inf	-0.317608917319211	0.577715173815683
"230"	"ADV NOUN PRT"	0.824175442966178	0.239883012423111	Inf	0.354013378113906	1.29433750781845
"231"	"ADV NOUN VERB"	0.657071124086122	0.109341887678699	Inf	0.442764962234248	0.871377285937995
"232"	"ADV NUM ADJ"	-0.287682072452477	0.763762615826063	Inf	-1.78462929220966	1.20926514730471
"233"	"ADV NUM ADP"	0.287682072451933	0.763762615825887	Inf	-1.20926514730491	1.78462929220877
"234"	"ADV NUM ADV"	1.79175946922866	1.08012344973505	Inf	-0.325243591109201	3.90876252956653
"235"	"ADV NUM CONJ"	0.875468737354172	0.532290647422295	Inf	-0.167801760901034	1.91873923560938
"236"	"ADV NUM DET"	-14.5660678407161	624.193833446116	Inf	-1237.9635007671	1208.83136508566
"237"	"ADV NUM NOUN"	0.65857583649468	0.121383126884771	Inf	0.420669279469673	0.896482393519687
"238"	"ADV NUM NUM"	1.79175946922828	0.5400617248673	Inf	0.733257939059792	2.85026099939677
"239"	"ADV NUM PRON"	0.000000000000159323942927614	0.999999999999886	Inf	-1.95996398453967	1.95996398453999
"240"	"ADV NUM VERB"	0.955511445027186	0.526234811584223	Inf	-0.0758898330891125	1.98691272314348
"241"	"ADV PRON ADJ"	0.0598981415810503	0.154834059525296	Inf	-0.24357103866866	0.363367321830761
"242"	"ADV PRON ADP"	0.470003629245635	0.171887912738128	Inf	0.133109510901141	0.806897747590129
"243"	"ADV PRON ADV"	0.852211875190044	0.156825764741816	Inf	0.544839024448134	1.15958472593195
"244"	"ADV PRON CONJ"	-0.414943852062739	0.217805769206758	Inf	-0.841835315333027	0.0119476112075494
"245"	"ADV PRON DET"	-0.510825623765994	0.276026223737044	Inf	-1.0518270810792	0.0301758335472074
"246"	"ADV PRON NOUN"	0.211569985920183	0.0704061142777443	Inf	0.0735765376443926	0.349563434195973
"247"	"ADV PRON NUM"	1.87180217690226	0.759554525313753	Inf	0.383102662992889	3.36050169081163
"248"	"ADV PRON PRON"	0.861769892995402	0.120475833511635	Inf	0.625641598305154	1.09789818768565
"249"	"ADV PRON PRT"	0.651761964397068	0.202759794015906	Inf	0.254360070613133	1.049163858181
"250"	"ADV PRON VERB"	0.57709438520946	0.0627161768981172	Inf	0.454172937241107	0.700015833177812
"251"	"ADV PRT ADJ"	0.199613053904139	0.145436297053374	Inf	-0.085436850365343	0.48466295817362
"252"	"ADV PRT ADP"	-0.0382212128202263	0.159646525133092	Inf	-0.351122652338055	0.274680226697603
"253"	"ADV PRT ADV"	0.892275855669866	0.109301411214183	Inf	0.678049026230666	1.10650268510907
"254"	"ADV PRT CONJ"	1.25683629388297	0.191576381300668	Inf	0.88135348624515	1.63231910152079
"255"	"ADV PRT DET"	-0.164303051291353	0.25693835061613	Inf	-0.667892964746092	0.339286862163386
"256"	"ADV PRT NOUN"	1.71978596960331	0.31346244825771	Inf	1.10541086051245	2.33416107869417
"257"	"ADV PRT PRON"	1.01345448032796	0.166780006813681	Inf	0.686571673631803	1.34033728702412
"258"	"ADV PRT PRT"	1.58240924004674	0.283487736602041	Inf	1.02678348624797	2.13803499384552
"259"	"ADV PRT VERB"	0.254130538280838	0.0949376111247238	Inf	0.0680562396981105	0.440204836863566
"260"	"ADV VERB ADJ"	0.94659608136944	0.231056078898378	Inf	0.493734488319574	1.39945767441931
"261"	"ADV VERB ADP"	-0.497032301633635	0.148431679469947	Inf	-0.787953047559524	-0.206111555707746
"262"	"ADV VERB ADV"	0.830203427027841	0.0900709259491347	Inf	0.653667656113363	1.00673919794232
"263"	"ADV VERB CONJ"	-0.147383505432605	0.0894178348953657	Inf	-0.322639241403071	0.0278722305378603
"264"	"ADV VERB DET"	-0.49043566806298	0.12162355633131	Inf	-0.728813458144026	-0.252057877981935
"265"	"ADV VERB NOUN"	0.809219351812618	0.14911046392892	Inf	0.516968212793877	1.10147049083136
"266"	"ADV VERB NUM"	0.405465108108064	0.527046276694805	Inf	-0.627526612399685	1.43845682861581
"267"	"ADV VERB PRON"	0.689280840476955	0.0406932336337545	Inf	0.609523568140322	0.769038112813588
"268"	"ADV VERB PRT"	1.22644566017856	0.242462118253545	Inf	0.751228640786325	1.7016626795708
"269"	"ADV VERB VERB"	-0.381748581490686	0.0810735263001492	Inf	-0.540649773138639	-0.222847389842732
"270"	"CONJ ADJ ADJ"	0.741937344729328	0.384212242932288	Inf	-0.0111048138373101	1.49497950329597
"271"	"CONJ ADJ ADP"	-2.39789527279889	0.738548945876113	Inf	-3.84542460753609	-0.95036593806169
"272"	"CONJ ADJ ADV"	-0.980829253011894	0.478713553878129	Inf	-1.9190905775242	-0.0425679284995861
"273"	"CONJ ADJ CONJ"	-0.693147180560026	0.433012701892236	Inf	-1.54183648111719	0.155542119997134
"274"	"CONJ ADJ DET"	-1.20397280432649	0.6582805886043	Inf	-2.49417904971275	0.0862334410597636
"275"	"CONJ ADJ NOUN"	-1.27296567581237	0.191236577493668	Inf	-1.64778248022666	-0.89814887139808
"276"	"CONJ ADJ PRON"	-1.45528723260743	0.419750492781942	Inf	-2.27798308095298	-0.632591384261888
"277"	"CONJ ADJ PRT"	-1.09861228866926	0.666666666667007	Inf	-2.40525494502996	0.208030367691439
"278"	"CONJ ADJ VERB"	-0.852777326151851	0.23421140255023	Inf	-1.31182323991891	-0.393731412384788
"279"	"CONJ ADP ADJ"	-1.47590651980988	0.391881906409985	Inf	-2.24398094256635	-0.707832097053411
"280"	"CONJ ADP ADV"	0.693147180559864	0.387298334620694	Inf	-0.0659436065690387	1.45223796768877
"281"	"CONJ ADP DET"	-1.3163357725134	0.185130774963837	Inf	-1.67918542387251	-0.953486121154288
"282"	"CONJ ADP NOUN"	-0.464305608131231	0.121676599250835	Inf	-0.702787360424182	-0.225823855838281
"283"	"CONJ ADP NUM"	-0.262364264467647	0.420622249676785	Inf	-1.08676872493036	0.562040195995066
"284"	"CONJ ADP PRON"	-0.418043890315266	0.144884647846348	Inf	-0.702012582006877	-0.134075198623655
"285"	"CONJ ADP VERB"	-0.693147180560753	1.22474487139169	Inf	-3.09360301873861	1.70730865761711
"286"	"CONJ ADV ADJ"	-1.00017221585527	0.20674683280204	Inf	-1.40538856206499	-0.594955869645543
"287"	"CONJ ADV ADP"	-1.02692036021168	0.160077110434567	Inf	-1.34066573141267	-0.713174989010688
"288"	"CONJ ADV ADV"	-0.0880333494853033	0.108411008912079	Inf	-0.300515022480629	0.124448323510022
"289"	"CONJ ADV CONJ"	0.672944473242598	0.245780721915796	Inf	0.191223110193384	1.15466583629181
"290"	"CONJ ADV DET"	-0.693147180560027	0.163663417677193	Inf	-1.01392158479406	-0.372372776325993
"291"	"CONJ ADV NOUN"	-0.554310735705724	0.241482158309066	Inf	-1.02760706890049	-0.0810144025109543
"292"	"CONJ ADV NUM"	0.223143551312995	0.670820393250162	Inf	-1.09164025955232	1.53792736217831
"293"	"CONJ ADV PRON"	0.16077322058764	0.146727288109013	Inf	-0.126806979655256	0.448353420830537
"294"	"CONJ ADV PRT"	0.510825623765835	0.276026223737018	Inf	-0.0301758335473157	1.05182708107899
"295"	"CONJ ADV VERB"	0.48659065292039	0.0754031095186322	Inf	0.338803273941542	0.634378031899239
"296"	"CONJ CONJ ADJ"	-0.916290731874306	0.836660026533967	Inf	-2.55611425118521	0.723532787436595
"297"	"CONJ CONJ ADP"	-0.000000000000595508885259388	0.63245553203368	Inf	-1.23959006460973	1.23959006460854
"298"	"CONJ CONJ ADV"	-0.374693449441296	0.391674725900396	Inf	-1.14236180586067	0.392974906978077
"299"	"CONJ CONJ DET"	-0.902867711542337	0.306094256224768	Inf	-1.50280142961746	-0.302933993467217
"300"	"CONJ CONJ NOUN"	0.162518929497938	0.32988411512507	Inf	-0.484042055219064	0.809079914214941
"301"	"CONJ CONJ PRON"	0.444494452013767	0.110667861469917	Inf	0.227589429286663	0.661399474740872
"302"	"CONJ CONJ PRT"	1.09861228866771	0.666666666666687	Inf	-0.208030367692366	2.40525494502778
"303"	"CONJ CONJ VERB"	0.510825623766014	0.730296743340181	Inf	-0.920529691207632	1.94218093873966
"304"	"CONJ DET ADJ"	-1.4872702784602	0.175070607225223	Inf	-1.8304023633732	-1.14413819354721
"305"	"CONJ DET ADP"	-14.5660677886139	266.157142497962	Inf	-536.224481312714	507.092345735487
"306"	"CONJ DET ADV"	-2.0794415416805	0.612372435696154	Inf	-3.27966946077003	-0.879213622590964
"307"	"CONJ DET DET"	0.693147180559448	1.22474487139127	Inf	-1.70730865761758	3.09360301873648
"308"	"CONJ DET NOUN"	-0.976322710909671	0.0703714136016349	Inf	-1.11424814711005	-0.838397274709295
"309"	"CONJ DET NUM"	-14.5660678186297	509.652128960833	Inf	-1013.46588522603	984.333749588766
"310"	"CONJ DET PRON"	-0.465363249689574	0.245546026216281	Inf	-0.946624617620412	0.0158981182412645
"311"	"CONJ DET PRT"	-0.405465108108131	0.912870929175181	Inf	-2.1946592518251	1.38372903560884
"312"	"CONJ DET VERB"	-1.60943791243358	0.77459666924126	Inf	-3.12761948669114	-0.0912563381760296
"313"	"CONJ NOUN ADJ"	-1.47590651980959	0.391881906410003	Inf	-2.24398094256609	-0.707832097053086
"314"	"CONJ NOUN ADP"	-1.53471436623883	0.220500996948076	Inf	-1.96688837881224	-1.10254035366543
"315"	"CONJ NOUN ADV"	-0.311436158459662	0.182524727840211	Inf	-0.669178051314451	0.0463057343951262
"316"	"CONJ NOUN CONJ"	-0.312872321280355	0.187972169215792	Inf	-0.681291003039177	0.0555463604784668
"317"	"CONJ NOUN DET"	-1.83258146374792	0.380788655293172	Inf	-2.57891351384398	-1.08624941365187
"318"	"CONJ NOUN NOUN"	-0.899941593872418	0.194977019200055	Inf	-1.2820895293175	-0.517793658427336
"319"	"CONJ NOUN NUM"	-1.38629436112017	1.11803398874976	Inf	-3.57760071256137	0.805011990321019
"320"	"CONJ NOUN PRON"	-0.591364486249865	0.223864261045413	Inf	-1.03013037532455	-0.152598597175182
"321"	"CONJ NOUN PRT"	-0.750305594399737	0.29428100038835	Inf	-1.32708575649532	-0.173525432304154
"322"	"CONJ NOUN VERB"	0.104203777529979	0.104826905679036	Inf	-0.101253182211709	0.309660737271668
"323"	"CONJ NUM ADJ"	-14.5660679050293	882.743394303883	Inf	-1744.71132833128	1715.57919252122
"324"	"CONJ NUM ADP"	-14.5660679067871	882.743394431197	Inf	-1744.71132858257	1715.57919276899
"325"	"CONJ NUM ADV"	-14.5660678406632	624.193833329271	Inf	-1237.96350053803	1208.8313648567
"326"	"CONJ NUM CONJ"	0.0000000000000678016670585535	1.41421356237348	Inf	-2.77180764870004	2.77180764870017
"327"	"CONJ NUM DET"	-14.5660679053261	882.743394328812	Inf	-1744.71132838044	1715.57919256978
"328"	"CONJ NUM NOUN"	-0.0822380982368616	0.234280212662458	Inf	-0.541418877345665	0.376942680871941
"329"	"CONJ NUM NUM"	-0.405465108107782	0.912870929175438	Inf	-2.19465925182525	1.38372903560969
"330"	"CONJ NUM PRON"	-0.000000000000402467989490951	0.999999999999929	Inf	-1.95996398454032	1.95996398453951
"331"	"CONJ NUM VERB"	-0.154150679827062	0.556348640264379	Inf	-1.24457397759308	0.936272617938951
"332"	"CONJ PRON ADJ"	-0.301584977620594	0.117971012386072	Inf	-0.532803913117023	-0.070366042124165
"333"	"CONJ PRON ADP"	-0.169899036795351	0.0923898242753677	Inf	-0.350979764913056	0.0111816913223539
"334"	"CONJ PRON ADV"	0.00401606965489619	0.0633725528187704	Inf	-0.120191851478256	0.128223990788048
"335"	"CONJ PRON CONJ"	1.55814461804665	0.317611701583027	Inf	0.935637121875437	2.18065211421787
"336"	"CONJ PRON DET"	-1.13213498070659	0.122583196347117	Inf	-1.37239363065674	-0.89187633075644
"337"	"CONJ PRON NOUN"	-0.0694723728148318	0.0833836134994982	Inf	-0.232901252174656	0.0939565065449925
"338"	"CONJ PRON NUM"	1.04145387482826	0.335775368422336	Inf	0.383346245824814	1.69956150383171
"339"	"CONJ PRON PRON"	0.0932879344235696	0.0651652800210247	Inf	-0.0344336674601063	0.221009536307246
"340"	"CONJ PRON PRT"	0.614366302706896	0.152801297321321	Inf	0.314881263166109	0.913851342247682
"341"	"CONJ PRON VERB"	0.392863681230254	0.0387081272758519	Inf	0.316997145860592	0.468730216599916
"342"	"CONJ PRT ADJ"	0.241162056816611	0.402911482012744	Inf	-0.548529936886024	1.03085405051925
"343"	"CONJ PRT ADP"	-0.0870113769896268	0.417423554968341	Inf	-0.905146511026251	0.731123757046998
"344"	"CONJ PRT ADV"	0.600773860429305	0.301797272897118	Inf	0.00926207491854647	1.19228564594006
"345"	"CONJ PRT CONJ"	2.35137525716347	0.740012869900909	Inf	0.900976684061567	3.80177383026538
"346"	"CONJ PRT DET"	0.154150679827444	0.55634864026443	Inf	-0.936272617938669	1.24457397759356
"347"	"CONJ PRT NOUN"	1.33500106673281	0.50262468995018	Inf	0.349874776689841	2.32012735677577
"348"	"CONJ PRT PRON"	0.890972923889747	0.296885542997791	Inf	0.30908795208346	1.47285789569603
"349"	"CONJ PRT PRT"	1.79175946922667	1.08012344973409	Inf	-0.325243591109315	3.90876252956265
"350"	"CONJ PRT VERB"	0.0465200156348291	0.305079650376347	Inf	-0.551425111518882	0.644465142788541
"351"	"CONJ VERB ADJ"	1.24171313230804	0.314873465292317	Inf	0.62457248064778	1.85885378396831
"352"	"CONJ VERB ADP"	-0.182321556793974	0.349602949389966	Inf	-0.867530746487287	0.502887632899339
"353"	"CONJ VERB ADV"	0.879923087703512	0.158948262855361	Inf	0.5683902171018	1.19145595830522
"354"	"CONJ VERB CONJ"	-0.287682072452105	0.381881307913167	Inf	-1.03615568233096	0.460791537426752
"355"	"CONJ VERB DET"	-0.552068582299801	0.287983696154041	Inf	-1.11650625489645	0.0123690902968457
"356"	"CONJ VERB NOUN"	0.646627164925374	0.372193684159415	Inf	-0.0828590513003561	1.3761133811511
"357"	"CONJ VERB NUM"	-0.000000000000219640278187327	1.41421356237325	Inf	-2.77180764869988	2.77180764869944
"358"	"CONJ VERB PRON"	0.182321556793921	0.11653431646364	Inf	-0.0460815064378069	0.41072462002565
"359"	"CONJ VERB PRT"	1.83258146374817	0.538516480713667	Inf	0.777108556468119	2.88805437102821
"360"	"CONJ VERB VERB"	-0.905708622543523	0.271860579511093	Inf	-1.43854556720145	-0.372871677885593
"361"	"DET ADJ ADJ"	-1.23969088692938	0.171190595816113	Inf	-1.57521828922091	-0.904163484637841
"362"	"DET ADJ ADP"	-14.5660677834503	208.064609103251	Inf	-422.365208083227	393.233072516327
"363"	"DET ADJ ADV"	-0.310154928303947	0.396958130759276	Inf	-1.08817856796247	0.467868711354575
"364"	"DET ADJ CONJ"	-2.23359222150603	0.607492896294086	Inf	-3.42425641910636	-1.04292802390569
"365"	"DET ADJ DET"	-1.01160091167785	0.583874208121157	Inf	-2.15597333109716	0.13277150774146
"366"	"DET ADJ NOUN"	-0.988391678767566	0.0430324044886407	Inf	-1.07273364173346	-0.90404971580167
"367"	"DET ADJ NUM"	-1.07044141170157	0.334521691231969	Inf	-1.72609187856366	-0.414790944839483
"368"	"DET ADJ PRON"	-0.470003629245245	0.40311288741492	Inf	-1.26009037028244	0.320083111791948
"369"	"DET ADJ PRT"	-1.09861228866823	1.1547005383797	Inf	-3.36178375682147	1.164559179485
"370"	"DET ADJ VERB"	-3.17805383034758	0.72168783648696	Inf	-4.59253599794265	-1.76357166275251
"371"	"DET ADP ADJ"	-14.5660677909236	294.247792428249	Inf	-591.281143480709	562.149007898862
"372"	"DET ADP ADV"	-14.5660678407516	624.193833418533	Inf	-1237.96350071307	1208.83136503157
"373"	"DET ADP DET"	-1.57553636075827	0.448496850922498	Inf	-2.45457403574599	-0.696498685770542
"374"	"DET ADP NOUN"	-3.6888794541142	1.01242283656597	Inf	-5.67319175090939	-1.70456715731901
"375"	"DET ADP NUM"	-1.09861228866784	1.15470053837929	Inf	-3.36178375682025	1.16455917948457
"376"	"DET ADP PRON"	-14.5660677838972	208.064609116117	Inf	-422.36520810889	393.233072541096
"377"	"DET ADV ADJ"	-3.37416870927406	0.454806898659792	Inf	-4.26557385056761	-2.48276356798051
"378"	"DET ADV ADP"	-14.5660677840905	214.09671650118	Inf	-434.187921334685	405.055785766504
"379"	"DET ADV ADV"	-2.7932080094427	0.594761714132982	Inf	-3.95891954852665	-1.62749647035875
"380"	"DET ADV CONJ"	-14.5660679057965	882.743394130305	Inf	-1744.71132799184	1715.57919218025
"381"	"DET ADV DET"	0.693147180559639	0.547722557505099	Inf	-0.380369305670523	1.7666636667898
"382"	"DET ADV NOUN"	-1.09861228866765	0.816496580927633	Inf	-2.6989161807859	0.501691603450607
"383"	"DET ADV NUM"	-14.5660678404932	624.193833299485	Inf	-1237.96350047948	1208.83136479849
"384"	"DET ADV PRON"	-14.5660677893849	279.147966072043	Inf	-561.686027648197	532.553892069428
"385"	"DET ADV PRT"	-2.48490664978819	1.04083299973302	Inf	-4.5249018431857	-0.444911456390678
"386"	"DET ADV VERB"	-3.1780538303489	1.02062072615913	Inf	-5.17843369549592	-1.17767396520189
"387"	"DET CONJ ADJ"	-14.5660678189127	509.652128862321	Inf	-1013.46588503323	984.333749395402
"388"	"DET CONJ ADV"	-1.09861228866827	1.15470053837948	Inf	-3.36178375682106	1.16455917948451
"389"	"DET CONJ DET"	-14.5660678188073	509.65212888556	Inf	-1013.46588507867	984.333749441055
"390"	"DET CONJ NUM"	-14.5660678417918	624.193833469215	Inf	-1237.96350081345	1208.83136512986
"391"	"DET CONJ PRON"	0.693147180559418	1.22474487139148	Inf	-1.70730865761803	3.09360301873687
"392"	"DET CONJ VERB"	-14.5660679044795	882.743394132406	Inf	-1744.71132799464	1715.57919218568
"393"	"DET DET ADJ"	0.405465108108189	0.645497224367951	Inf	-0.859686203773565	1.67061641998994
"394"	"DET DET ADP"	-14.5660679066207	882.74339457608	Inf	-1744.71132886637	1715.57919305313
"395"	"DET DET CONJ"	-14.5660678026309	394.774840453116	Inf	-788.310537093283	759.178401488021
"396"	"DET DET NOUN"	0.0953101798042426	0.308957190326637	Inf	-0.510234786000652	0.700855145609137
"397"	"DET DET PRON"	0.693147180559905	1.22474487139143	Inf	-1.70730865761743	3.09360301873724
"398"	"DET DET VERB"	-1.79175946922776	1.08012344973425	Inf	-3.90876252956405	0.325243591108527
"399"	"DET NOUN ADJ"	-1.42593919246679	0.135053512570229	Inf	-1.69063921309007	-1.16123917184351
"400"	"DET NOUN ADP"	-1.52502057062151	0.0643548987591316	Inf	-1.65115385441813	-1.39888728682489
"401"	"DET NOUN ADV"	-0.769927242598691	0.0690335035779035	Inf	-0.905230423337999	-0.634624061859383
"402"	"DET NOUN CONJ"	-0.798972704364067	0.082117068870567	Inf	-0.959919201866373	-0.63802620686176
"403"	"DET NOUN DET"	-2.55409443405135	0.137506785757478	Inf	-2.82360278176588	-2.28458608633683
"404"	"DET NOUN NOUN"	-1.29151595479285	0.116457178742134	Inf	-1.51976783086858	-1.06326407871712
"405"	"DET NOUN NUM"	-0.133531392624942	0.258774584753642	Inf	-0.640720258856387	0.373657473606504
"406"	"DET NOUN PRON"	-1.2240665948212	0.080038110455583	Inf	-1.38093840870478	-1.06719478093762
"407"	"DET NOUN PRT"	-0.617161273582055	0.0968867104402001	Inf	-0.807055736625408	-0.427266810538702
"408"	"DET NOUN VERB"	-0.605457147283632	0.0379736854980596	Inf	-0.67988420322008	-0.531030091347184
"409"	"DET NUM ADJ"	-0.00000000000127373459002378	1.41421356237297	Inf	-2.77180764870038	2.77180764869784
"410"	"DET NUM NOUN"	-0.191055236762519	0.310015870266215	Inf	-0.798675177120141	0.416564703595104
"411"	"DET NUM NUM"	-14.5660678407154	624.193833487682	Inf	-1237.96350084856	1208.83136516713
"412"	"DET PRON ADJ"	0.443931388935908	0.219726396307332	Inf	0.0132755657207634	0.874587212151053
"413"	"DET PRON ADP"	-0.182321556794564	0.428174419288859	Inf	-1.02152799770208	0.65688488411295
"414"	"DET PRON ADV"	-0.336472236621406	0.261861468283304	Inf	-0.84971128339546	0.176766810152648
"415"	"DET PRON CONJ"	-14.5660678192051	509.652128918359	Inf	-1013.46588514335	984.333749504942
"416"	"DET PRON DET"	-0.251314428280953	0.503952630679152	Inf	-1.23904343432631	0.7364145777644
"417"	"DET PRON NOUN"	-0.531659710668903	0.166892594202676	Inf	-0.858763184592606	-0.2045562367452
"418"	"DET PRON PRON"	0.305381649551057	0.352221734672974	Inf	-0.384960264980194	0.995723564082308
"419"	"DET PRON PRT"	1.44691898293684	0.55571893022647	Inf	0.357729894165831	2.53610807170785
"420"	"DET PRON VERB"	0.576887374444033	0.195163710867209	Inf	0.194373530055115	0.959401218832951
"421"	"DET PRT ADJ"	-0.847297860386892	0.690065559342389	Inf	-2.19980150366946	0.505205782895677
"422"	"DET PRT ADP"	0.693147180560001	1.22474487139167	Inf	-1.70730865761781	3.09360301873781
"423"	"DET PRT ADV"	-1.09861228866812	1.15470053837928	Inf	-3.36178375682052	1.16455917948427
"424"	"DET PRT CONJ"	-14.5660679047783	882.74339421646	Inf	-1744.71132815968	1715.57919235013
"425"	"DET PRT PRON"	-14.5660678409971	624.193833469335	Inf	-1237.96350081289	1208.83136513089
"426"	"DET PRT PRT"	0.693147180560584	1.2247448713917	Inf	-1.70730865761729	3.09360301873846
"427"	"DET PRT VERB"	0.693147180559655	1.22474487139154	Inf	-1.70730865761791	3.09360301873722
"428"	"DET VERB ADJ"	-1.38629436111921	1.11803398874994	Inf	-3.57760071256075	0.805011990322335
"429"	"DET VERB ADP"	-14.5660678184134	509.652128802854	Inf	-1013.46588491617	984.333749279348
"430"	"DET VERB ADV"	-1.25276296849546	0.801783725737359	Inf	-2.82423019433102	0.318704257340106
"431"	"DET VERB CONJ"	-14.5660678031973	394.774840502059	Inf	-788.310537189778	759.178401583383
"432"	"DET VERB DET"	-0.693147180560507	1.22474487139154	Inf	-3.09360301873806	1.70730865761704
"433"	"DET VERB NOUN"	-0.000000000000484009533840979	1.41421356237368	Inf	-2.77180764870099	2.77180764870002
"434"	"DET VERB PRON"	-2.94443897916595	1.0259783520845	Inf	-4.95531959816932	-0.933558360162579
"435"	"DET VERB PRT"	-14.5660678404883	624.193833362194	Inf	-1237.96350060238	1208.83136492141
"436"	"DET VERB VERB"	-14.5660677857027	235.923091116182	Inf	-476.966829494782	447.834693923377
"437"	"NOUN ADJ ADJ"	-0.887303195000936	0.259281489421057	Inf	-1.39548557612411	-0.379120813877761
"438"	"NOUN ADJ ADP"	-1.88706964903172	0.339339822525416	Inf	-2.55216347970175	-1.22197581836169
"439"	"NOUN ADJ ADV"	-1.13943428318854	0.287228132327117	Inf	-1.7023910778964	-0.576477488480687
"440"	"NOUN ADJ CONJ"	-1.00552186560203	0.301756376186428	Inf	-1.59695349503274	-0.414090236171308
"441"	"NOUN ADJ DET"	-1.94591014905477	0.53452248382508	Inf	-2.99355496627882	-0.898265331830716
"442"	"NOUN ADJ NOUN"	-1.44435816207545	0.163912585127246	Inf	-1.76562092553771	-1.1230953986132
"443"	"NOUN ADJ NUM"	-1.38629436111994	1.11803398874996	Inf	-3.57760071256152	0.805011990321633
"444"	"NOUN ADJ PRON"	-1.23676262714849	0.37864122283138	Inf	-1.97888578696019	-0.494639467336777
"445"	"NOUN ADJ PRT"	-1.30833281964958	0.356408511440309	Inf	-2.00688066585612	-0.60978497344304
"446"	"NOUN ADJ VERB"	-1.51377679386501	0.146304010574261	Inf	-1.80052738538433	-1.22702620234569
"447"	"NOUN ADP ADJ"	-2.2831670071379	0.205871579119486	Inf	-2.68666788765248	-1.87966612662332
"448"	"NOUN ADP ADP"	-0.767255152713468	0.335614902287365	Inf	-1.42504827387163	-0.109462031555303
"449"	"NOUN ADP ADV"	-0.86499743748625	0.210731807606	Inf	-1.27802419079103	-0.451970684181467
"450"	"NOUN ADP CONJ"	-1.79175946922726	0.76376261582597	Inf	-3.28870668898426	-0.294812249470259
"451"	"NOUN ADP DET"	-1.83596556173271	0.0809358907720308	Inf	-1.99459699270255	-1.67733413076286
"452"	"NOUN ADP NOUN"	-1.23563408623228	0.0548498779050134	Inf	-1.34313787148252	-1.12813030098203
"453"	"NOUN ADP NUM"	-1.45775332510182	0.213676687292236	Inf	-1.87655193653043	-1.03895471367321
"454"	"NOUN ADP PRON"	-0.583947888594624	0.0772539303940674	Inf	-0.735362809831161	-0.432532967358088
"455"	"NOUN ADP PRT"	1.0986122886678	0.516397779494486	Inf	0.0864912391621488	2.11073333817345
"456"	"NOUN ADP VERB"	-0.949080554697137	0.339987349543436	Inf	-1.6154435150015	-0.282717594392773
"457"	"NOUN ADV ADJ"	-1.06336634960652	0.13217911302417	Inf	-1.32243265064234	-0.804300048570695
"458"	"NOUN ADV ADP"	-1.38923122079315	0.121232244893789	Inf	-1.62684205454992	-1.15162038703638
"459"	"NOUN ADV ADV"	-0.722919338893585	0.0903392061139261	Inf	-0.899980929268821	-0.545857748518349
"460"	"NOUN ADV CONJ"	-0.501479761347378	0.193236438064235	Inf	-0.880216220454084	-0.122743302240673
"461"	"NOUN ADV DET"	-1.52737295937998	0.192046811146394	Inf	-1.90377779257268	-1.15096812618729
"462"	"NOUN ADV NOUN"	-0.0512932943875912	0.184960877797991	Inf	-0.413809953420567	0.311223364645385
"463"	"NOUN ADV NUM"	-0.510825623765675	0.365148371670139	Inf	-1.22650328125259	0.204852033721244
"464"	"NOUN ADV PRON"	-0.500775287912675	0.141688946554955	Inf	-0.778480520167808	-0.223070055657542
"465"	"NOUN ADV PRT"	-0.220671362168787	0.149153173320282	Inf	-0.513006210056401	0.0716634857188271
"466"	"NOUN ADV VERB"	-0.508034275128775	0.0747044618222684	Inf	-0.654452329784868	-0.361616220472681
"467"	"NOUN CONJ ADJ"	-1.65822807660322	0.314970394174501	Inf	-2.27555870538163	-1.04089744782482
"468"	"NOUN CONJ ADP"	-1.51145750407391	0.201708389785623	Inf	-1.9067986834333	-1.11611632471452
"469"	"NOUN CONJ ADV"	0.368347445151811	0.0827629352079277	Inf	0.206135072889451	0.530559817414172
"470"	"NOUN CONJ CONJ"	-0.496436886313528	0.338979103040653	Inf	-1.1608237197849	0.167949947157845
"471"	"NOUN CONJ DET"	-1.64093657949497	0.154518506957258	Inf	-1.9437872880761	-1.33808587091384
"472"	"NOUN CONJ NOUN"	-0.997599605946205	0.0897304315059916	Inf	-1.17346802001519	-0.821731191877224
"473"	"NOUN CONJ NUM"	0.916290731874037	0.591607978309933	Inf	-0.243239598579984	2.07582106232806
"474"	"NOUN CONJ PRON"	-0.43095125209158	0.074533128033454	Inf	-0.577033498692263	-0.284869005490898
"475"	"NOUN CONJ PRT"	0.489548225318507	0.291358273374082	Inf	-0.0815034970924696	1.06059994772948
"476"	"NOUN CONJ VERB"	-0.58778666490211	0.185924450341094	Inf	-0.952191891416061	-0.22338143838816
"477"	"NOUN DET ADJ"	-2.12490391575717	0.161349284880233	Inf	-2.44114270305372	-1.80866512846062
"478"	"NOUN DET ADP"	-2.48490664978878	1.04083299973368	Inf	-4.52490184318758	-0.444911456389985
"479"	"NOUN DET ADV"	-3.71357206670724	1.01212165469657	Inf	-5.6972940578856	-1.72985007552889
"480"	"NOUN DET CONJ"	-14.5660679038691	882.743393931564	Inf	-1744.71132760039	1715.57919179265
"481"	"NOUN DET DET"	-0.847297860386675	0.690065559342183	Inf	-2.19980150366884	0.505205782895491
"482"	"NOUN DET NOUN"	-2.04418884912461	0.082487135886435	Inf	-2.20586066464988	-1.88251703359933
"483"	"NOUN DET NUM"	-14.5660677985283	360.378475160798	Inf	-720.894899917155	691.762764320099
"484"	"NOUN DET PRON"	-2.36085400111769	0.467833222984839	Inf	-3.27779026893927	-1.44391773329611
"485"	"NOUN DET PRT"	-14.5660678025199	394.77484041725	Inf	-788.310537022877	759.178401417837
"486"	"NOUN DET VERB"	-14.5660677883036	266.157142470257	Inf	-536.224481258103	507.092345681495
"487"	"NOUN NOUN ADJ"	-1.60943791243408	0.414039335605438	Inf	-2.42094009840363	-0.797935726464529
"488"	"NOUN NOUN ADP"	-2.04435022186938	0.197350055320066	Inf	-2.4311492226437	-1.65755122109507
"489"	"NOUN NOUN ADV"	-1.16760516015481	0.176683137896599	Inf	-1.51389774710767	-0.82131257320195
"490"	"NOUN NOUN CONJ"	-0.885307186354116	0.154732541940722	Inf	-1.18857739579426	-0.582036976913968
"491"	"NOUN NOUN DET"	-3.03855227073734	0.361922676758546	Inf	-3.74790768237242	-2.32919685910226
"492"	"NOUN NOUN NOUN"	-0.707745979981138	0.10476702526233	Inf	-0.913085576262702	-0.502406383699573
"493"	"NOUN NOUN NUM"	-1.09861228866795	0.577350269189609	Inf	-2.23019802274409	0.0329734454081869
"494"	"NOUN NOUN PRON"	-1.56608747155976	0.191395256543061	Inf	-1.94121528119597	-1.19095966192356
"495"	"NOUN NOUN PRT"	-0.78845736036442	0.26967994498549	Inf	-1.31702033988872	-0.259894380840116
"496"	"NOUN NOUN VERB"	-0.523587875379782	0.0854666441820225	Inf	-0.691099419856046	-0.356076330903518
"497"	"NOUN NUM ADJ"	-14.5660678401113	624.193833282923	Inf	-1237.96350044664	1208.83136476642
"498"	"NOUN NUM ADP"	-0.788457360364243	0.539359889970559	Inf	-1.84558331941203	0.268668598683539
"499"	"NOUN NUM ADV"	-0.847297860387358	0.690065559342482	Inf	-2.19980150367011	0.505205782895393
"500"	"NOUN NUM CONJ"	-0.182321556794179	0.605530070819563	Inf	-1.36913868715651	1.00449557356815
"501"	"NOUN NUM DET"	-14.5660677923717	312.096914129061	Inf	-626.264779171422	597.132643586679
"502"	"NOUN NUM NOUN"	-0.101096116871502	0.201264415571861	Inf	-0.495567122761851	0.293374889018847
"503"	"NOUN NUM NUM"	0.916290731874415	0.836660026534205	Inf	-0.723532787436952	2.55611425118578
"504"	"NOUN NUM PRON"	-14.5660677909579	294.247792442029	Inf	-591.281143507752	562.149007925836
"505"	"NOUN NUM PRT"	-1.60943791243439	1.09544511501046	Inf	-3.75647088489523	0.537595060026458
"506"	"NOUN NUM VERB"	0.125163142954476	0.354245954216198	Inf	-0.569146168978296	0.819472454887249
"507"	"NOUN PRON ADJ"	-1.59938757657979	0.245155073578061	Inf	-2.07988269142005	-1.11889246173952
"508"	"NOUN PRON ADP"	-1.71653604799114	0.226474636261431	Inf	-2.16041817847535	-1.27265391750692
"509"	"NOUN PRON ADV"	-1.3492530894395	0.151323492274024	Inf	-1.64584168431141	-1.05266449456758
"510"	"NOUN PRON CONJ"	-1.12601126285632	0.332205298513374	Inf	-1.77712168341591	-0.474900842296731
"511"	"NOUN PRON DET"	-2.33214389523667	0.331223093796457	Inf	-2.98132922992566	-1.68295856054769
"512"	"NOUN PRON NOUN"	-0.981915619223814	0.109329690223322	Inf	-1.19619787450245	-0.767633363945182
"513"	"NOUN PRON NUM"	-0.40546510810937	0.912870929175446	Inf	-2.19465925182686	1.38372903560812
"514"	"NOUN PRON PRON"	-0.953006747411547	0.106136127398353	Inf	-1.16102973457087	-0.744983760252221
"515"	"NOUN PRON PRT"	-0.826678573184533	0.261634059236221	Inf	-1.33947190641655	-0.313885239952522
"516"	"NOUN PRON VERB"	-0.316736992499727	0.0638490690968487	Inf	-0.44187886837596	-0.191595116623495
"517"	"NOUN PRT ADJ"	-1.14513230430333	0.306848242875796	Inf	-1.74654380905929	-0.543720799547367
"518"	"NOUN PRT ADP"	-0.382992252256145	0.236771210371374	Inf	-0.847055297159995	0.0810707926477053
"519"	"NOUN PRT ADV"	-0.740775229548503	0.189784485349155	Inf	-1.11274598565732	-0.36880447343969
"520"	"NOUN PRT CONJ"	-0.0000000000000415761175487361	0.220863052149882	Inf	-0.432883627729402	0.432883627729319
"521"	"NOUN PRT DET"	-0.485507815781679	0.449358517136605	Inf	-1.36623432551575	0.395218693952391
"522"	"NOUN PRT NOUN"	2.14006616349522	0.431595307902813	Inf	1.29415490410924	2.98597742288121
"523"	"NOUN PRT PRON"	-0.318453731118682	0.26827168499442	Inf	-0.844256571779619	0.207349109542255
"524"	"NOUN PRT PRT"	0.653926467406869	0.341940165706162	Inf	-0.0162639422448662	1.3241168770586
"525"	"NOUN PRT VERB"	-1.28611623696927	0.0958244028157754	Inf	-1.47392861532825	-1.09830385861029
"526"	"NOUN VERB ADJ"	0.275103290245079	0.0988684218459064	Inf	0.0813247442187895	0.468881836271368
"527"	"NOUN VERB ADP"	-0.891384192660026	0.0868364902508775	Inf	-1.06158058609561	-0.721187799224443
"528"	"NOUN VERB ADV"	0.120203088695781	0.054211141551283	Inf	0.0139512036944634	0.226454973697098
"529"	"NOUN VERB CONJ"	-0.846823139276051	0.0688967383897773	Inf	-0.981858265172293	-0.71178801337981
"530"	"NOUN VERB DET"	-1.07613943281599	0.113006914702713	Inf	-1.2976289156373	-0.854649949994683
"531"	"NOUN VERB NOUN"	0.451135144941364	0.123685792817853	Inf	0.208715445619089	0.693554844263638
"532"	"NOUN VERB NUM"	0.382992252255923	0.334845056886394	Inf	-0.273291999642674	1.03927650415452
"533"	"NOUN VERB PRON"	0.000976085973021386	0.0441833934433258	Inf	-0.0856217738906604	0.0875739458367032
"534"	"NOUN VERB PRT"	0.464612780610758	0.132323259213314	Inf	0.205263958235705	0.72396160298581
"535"	"NOUN VERB VERB"	-0.849933776246075	0.0574163361198485	Inf	-0.962467727165224	-0.737399825326925
"536"	"NUM ADJ ADJ"	-14.5660678084531	441.371689877119	Inf	-879.638683763189	850.506548146283
"537"	"NUM ADJ ADP"	-14.5660679060995	882.743394315966	Inf	-1744.71132835603	1715.57919254383
"538"	"NUM ADJ NOUN"	-0.887303195000919	0.449088713139087	Inf	-1.76750089861697	-0.00710549138486938
"539"	"NUM ADJ PRON"	-14.5660679053068	882.74339411597	Inf	-1744.71132796325	1715.57919215264
"540"	"NUM ADJ VERB"	-1.09861228866815	0.816496580927886	Inf	-2.6989161807869	0.501691603450602
"541"	"NUM ADP ADJ"	-14.5660679061572	882.743394374401	Inf	-1744.71132847062	1715.57919265831
"542"	"NUM ADP ADP"	-14.5660679054632	882.743394191978	Inf	-1744.71132811238	1715.57919230146
"543"	"NUM ADP DET"	-0.223143551314693	0.474341649025416	Inf	-1.15283609977185	0.70654899714246
"544"	"NUM ADP NOUN"	0.367724780125274	0.433629090392018	Inf	-0.482172619691944	1.21762217994249
"545"	"NUM ADP NUM"	0.336472236621341	0.414039335605506	Inf	-0.475029949348343	1.14797442259103
"546"	"NUM ADP PRON"	-0.182321556793779	0.605530070819575	Inf	-1.36913868715613	1.00449557356858
"547"	"NUM ADV ADJ"	-0.00000000000123408141344816	1.41421356237311	Inf	-2.77180764870062	2.77180764869815
"548"	"NUM ADV ADP"	-1.09861228866865	1.15470053837934	Inf	-3.36178375682117	1.16455917948387
"549"	"NUM ADV ADV"	-1.60943791243445	1.09544511501066	Inf	-3.75647088489568	0.537595060026793
"550"	"NUM ADV DET"	-14.5660678404155	624.193833305619	Inf	-1237.96350049143	1208.8313648106
"551"	"NUM ADV NOUN"	-14.5660679053061	882.743394311005	Inf	-1744.71132834551	1715.5791925349
"552"	"NUM ADV NUM"	1.09861228866815	1.15470053837951	Inf	-1.1645591794847	3.36178375682099
"553"	"NUM ADV VERB"	0.693147180559982	0.547722557505151	Inf	-0.380369305670282	1.76666366679025
"554"	"NUM CONJ ADP"	-0.69314718056127	1.22474487139166	Inf	-3.09360301873907	1.70730865761653
"555"	"NUM CONJ ADV"	1.70474809223757	0.543557306504819	Inf	0.639395347954521	2.77010083652061
"556"	"NUM CONJ DET"	-14.5660679054924	882.743394483985	Inf	-1744.71132868474	1715.57919287375
"557"	"NUM CONJ NOUN"	0.693147180558884	1.22474487139144	Inf	-1.70730865761847	3.09360301873624
"558"	"NUM CONJ NUM"	-0.530628251062253	0.281800930988517	Inf	-1.0829479266096	0.0216914244850973
"559"	"NUM CONJ PRON"	0.470003629245286	0.570087712549659	Inf	-0.647347755380868	1.58735501387144
"560"	"NUM CONJ VERB"	0.693147180559099	1.22474487139116	Inf	-1.70730865761771	3.09360301873591
"561"	"NUM DET ADJ"	-14.5660678023729	394.774840403817	Inf	-788.310536996402	759.178401391656
"562"	"NUM DET NOUN"	-1.0986122886684	0.666666666666783	Inf	-2.40525494502866	0.208030367691868
"563"	"NUM DET PRON"	-0.00000000000180203681837687	1.41421356237277	Inf	-2.77180764870052	2.77180764869691
"564"	"NUM NOUN ADJ"	0.0298529631496961	0.244366108552254	Inf	-0.449095808654927	0.508801734954319
"565"	"NUM NOUN ADP"	-0.348306694268479	0.168616050686359	Inf	-0.678788080829123	-0.0178253077078352
"566"	"NUM NOUN ADV"	0.791587253373	0.223847623665387	Inf	0.352853972963966	1.23032053378203
"567"	"NUM NOUN CONJ"	0.85277732615161	0.23421140255023	Inf	0.393731412384548	1.31182323991867
"568"	"NUM NOUN DET"	-1.96611285637222	0.403555625480931	Inf	-2.75706734807338	-1.17515836467106
"569"	"NUM NOUN NOUN"	-0.681170989513084	0.189361338664076	Inf	-1.05231239335896	-0.310029585667203
"570"	"NUM NOUN NUM"	1.94591014905421	0.404061017820961	Inf	1.15396510656853	2.73785519153989
"571"	"NUM NOUN PRON"	-0.169899036795471	0.26131788503093	Inf	-0.682072679972271	0.34227460638133
"572"	"NUM NOUN PRT"	-0.268263986594189	0.368438063091969	Inf	-0.990389320788144	0.453861347599767
"573"	"NUM NOUN VERB"	0.703509967596022	0.124785038533768	Inf	0.458935786260393	0.948084148931651
"574"	"NUM NUM CONJ"	1.0986122886677	0.816496580927833	Inf	-0.501691603450945	2.69891618078635
"575"	"NUM NUM NOUN"	0.464305608131246	0.272077147195658	Inf	-0.0689558013886476	0.997567017651139
"576"	"NUM NUM NUM"	1.4663370687936	0.452910813657979	Inf	0.578648185815227	2.35402595177197
"577"	"NUM NUM VERB"	0.916290731873959	0.836660026533958	Inf	-0.723532787436925	2.55611425118484
"578"	"NUM PRON ADJ"	-1.09861228866669	1.15470053837999	Inf	-3.36178375682048	1.1645591794871
"579"	"NUM PRON ADP"	-0.00000000000237814976045136	0.999999999999964	Inf	-1.95996398454236	1.95996398453761
"580"	"NUM PRON ADV"	-14.5660679039528	882.743393853849	Inf	-1744.71132744815	1715.57919164025
"581"	"NUM PRON NOUN"	-1.79175946922736	1.0801234497348	Inf	-3.90876252956473	0.325243591110018
"582"	"NUM PRON PRON"	0.405465108108053	0.912870929175305	Inf	-1.38372903560916	2.19465925182527
"583"	"NUM PRON PRT"	-14.5660678413056	624.19383337232	Inf	-1237.96350062305	1208.83136494044
"584"	"NUM PRON VERB"	-0.318453731118544	0.464660188642295	Inf	-1.22917096590703	0.592263503669942
"585"	"NUM PRT ADJ"	-14.5660679023294	882.743393595662	Inf	-1744.71132694049	1715.57919113583
"586"	"NUM PRT ADP"	-14.5660679037097	882.743393847789	Inf	-1744.71132743603	1715.57919162861
"587"	"NUM PRT ADV"	-1.09861228866887	1.15470053837933	Inf	-3.36178375682136	1.16455917948363
"588"	"NUM PRT NUM"	1.6094379124331	1.09544511501061	Inf	-0.537595060028035	3.75647088489424
"589"	"NUM PRT PRON"	-0.000000000000976962434562356	1.41421356237367	Inf	-2.77180764870145	2.7718076486995
"590"	"NUM PRT VERB"	-14.5660678403999	624.193833373775	Inf	-1237.96350062499	1208.83136494419
"591"	"NUM VERB ADJ"	-0.00000000000027886633974239	1.00000000000018	Inf	-1.95996398454068	1.95996398454012
"592"	"NUM VERB ADP"	0.693147180560482	0.866025403784627	Inf	-1.00423142055414	2.39052578167511
"593"	"NUM VERB ADV"	-0.47000362924577	0.570087712549609	Inf	-1.58735501387183	0.647347755380286
"594"	"NUM VERB CONJ"	-0.40546510810821	0.645497224368028	Inf	-1.67061641999011	0.859686203773695
"595"	"NUM VERB DET"	-14.5660679043444	882.743393748721	Inf	-1744.7113272425	1715.57919143381
"596"	"NUM VERB PRON"	0.810930216215673	0.346944333244453	Inf	0.130931818416283	1.49092861401506
"597"	"NUM VERB PRT"	0.916290731873709	0.836660026534349	Inf	-0.723532787437941	2.55611425118536
"598"	"NUM VERB VERB"	0.223143551314016	0.474341649025341	Inf	-0.70654899714299	1.15283609977102
"599"	"PRON ADJ ADJ"	0.384674338438851	0.1440452719007	Inf	0.1023507933702	0.666997883507503
"600"	"PRON ADJ ADP"	-0.559615787935446	0.188982236504855	Inf	-0.930014165202793	-0.189217410668099
"601"	"PRON ADJ ADV"	0.703729289890451	0.178333708350786	Inf	0.354201644293441	1.05325693548746
"602"	"PRON ADJ CONJ"	-0.430782916092827	0.205688337802022	Inf	-0.833924650224698	-0.0276411819609547
"603"	"PRON ADJ DET"	-0.75768570169704	0.312916389258682	Inf	-1.37099055481637	-0.144380848577706
"604"	"PRON ADJ NOUN"	-0.47479980150934	0.0789841651462349	Inf	-0.629605920544924	-0.319993682473756
"605"	"PRON ADJ NUM"	0.84729786038738	0.690065559342265	Inf	-0.505205782894947	2.19980150366971
"606"	"PRON ADJ PRON"	0.572069249006616	0.16566487179917	Inf	0.247372066776798	0.896766431236434
"607"	"PRON ADJ PRT"	0.980829253011298	0.225667733462357	Inf	0.538528622952294	1.4231298830703
"608"	"PRON ADJ VERB"	0.195375675526521	0.0869617552529968	Inf	0.0249337671982602	0.365817583854781
"609"	"PRON ADP ADJ"	-0.891598119283703	0.185446067368599	Inf	-1.25506573240074	-0.528130506166661
"610"	"PRON ADP ADP"	-0.00000000000000779324521582581	0.392232270276376	Inf	-0.768761123316086	0.76876112331607
"611"	"PRON ADP ADV"	0.675755437848172	0.228093441970342	Inf	0.228700506476526	1.12281036921982
"612"	"PRON ADP CONJ"	0.69314718055939	0.866025403784266	Inf	-1.00423142055453	2.39052578167331
"613"	"PRON ADP DET"	-0.379116278411485	0.0772870219179402	Inf	-0.530596057843005	-0.227636498979964
"614"	"PRON ADP NOUN"	-0.00212089156919441	0.0651289975227433	Inf	-0.12977138106297	0.125529597924581
"615"	"PRON ADP NUM"	0.543615446589137	0.296333629667208	Inf	-0.0371877949666208	1.1244186881449
"616"	"PRON ADP PRON"	0.225405142930297	0.0823749543153725	Inf	0.0639531992440352	0.38685708661656
"617"	"PRON ADP PRT"	1.54044504094696	0.636209010280469	Inf	0.293498294157372	2.78739178773656
"618"	"PRON ADP VERB"	1.09861228866771	0.471404520791114	Inf	0.174676405767763	2.02254817156765
"619"	"PRON ADV ADJ"	0.100975917339981	0.0771353275552972	Inf	-0.0502065466041018	0.252158381284063
"620"	"PRON ADV ADP"	-0.115919102218506	0.072669514093082	Inf	-0.258348732614972	0.0265105281779608
"621"	"PRON ADV ADV"	0.383660478141161	0.0497251671024302	Inf	0.286200941495163	0.48112001478716
"622"	"PRON ADV CONJ"	0.203598955241356	0.171134236770226	Inf	-0.131817985350038	0.539015895832749
"623"	"PRON ADV DET"	-0.275103290245085	0.0988684218456189	Inf	-0.468881836270811	-0.0813247442193585
"624"	"PRON ADV NOUN"	0.630804049985623	0.12975732813766	Inf	0.376484360105663	0.885123739865583
"625"	"PRON ADV NUM"	1.54756250871567	0.348247894099432	Inf	0.865009178588867	2.23011583884248
"626"	"PRON ADV PRON"	0.745856996979313	0.087175839258251	Inf	0.574995491711088	0.916718502247538
"627"	"PRON ADV PRT"	1.37256416830763	0.0871590750922687	Inf	1.20173552020096	1.54339281641429
"628"	"PRON ADV VERB"	0.726896165296212	0.0582625455133589	Inf	0.612703674442403	0.841088656150021
"629"	"PRON CONJ ADJ"	-0.606135803570463	0.507519218922644	Inf	-1.60085519412074	0.388583586979817
"630"	"PRON CONJ ADP"	-0.893817876021738	0.395683783551323	Inf	-1.66934384104887	-0.118291910994602
"631"	"PRON CONJ ADV"	0.51082562376623	0.243432247780141	Inf	0.0337071854415221	0.987944062090938
"632"	"PRON CONJ CONJ"	0.559615787935798	0.626783170527994	Inf	-0.668856652414898	1.78808822828649
"633"	"PRON CONJ DET"	-1.46633706879345	0.320256307610174	Inf	-2.09402789753117	-0.838646240055727
"634"	"PRON CONJ NOUN"	0.609765571620762	0.248473601082463	Inf	0.122766262390162	1.09676488085136
"635"	"PRON CONJ NUM"	-1.73460105538781	0.626224291085216	Inf	-2.96197811215897	-0.507223998616663
"636"	"PRON CONJ PRON"	0.344544934346335	0.110078718241397	Inf	0.128794611128865	0.560295257563805
"637"	"PRON CONJ PRT"	2.0794415416795	1.0606601717796	Inf	0.000585805155414842	4.15829727820358
"638"	"PRON CONJ VERB"	0.887303195001165	0.449088713139182	Inf	0.00710549138492877	1.7675008986174
"639"	"PRON DET ADJ"	-1.12772037282602	0.129447242163897	Inf	-1.38143230536529	-0.874008440286747
"640"	"PRON DET ADP"	-3.43398720448573	1.01600101600133	Inf	-5.42531260410445	-1.44266180486701
"641"	"PRON DET ADV"	-2.89037175789687	0.726483157257136	Inf	-4.3142525814958	-1.46649093429793
"642"	"PRON DET CONJ"	-14.5660678410522	624.193833413017	Inf	-1237.96350070256	1208.83136502046
"643"	"PRON DET NOUN"	-0.562683275002934	0.0649581835584132	Inf	-0.689998975278566	-0.435367574727302
"644"	"PRON DET NUM"	0.510825623765711	0.73029674334021	Inf	-0.920529691207993	1.94218093873941
"645"	"PRON DET PRON"	0.223143551314401	0.253546276418616	Inf	-0.273798018880323	0.720085121509125
"646"	"PRON DET PRT"	-1.09861228866823	1.15470053837958	Inf	-3.36178375682122	1.16455917948476
"647"	"PRON DET VERB"	-14.5660677864908	235.923091127998	Inf	-476.966829518728	447.834693945746
"648"	"PRON NOUN ADJ"	-0.836248024200637	0.166024403520039	Inf	-1.16164987565466	-0.510846172746616
"649"	"PRON NOUN ADP"	-0.90318750687597	0.0911879449171882	Inf	-1.08191259473788	-0.724462419014059
"650"	"PRON NOUN ADV"	0.170105969025768	0.0781316476696064	Inf	0.0169707535405665	0.323241184510969
"651"	"PRON NOUN CONJ"	-0.315270028970611	0.10997748773887	Inf	-0.530821944048992	-0.0997181138922306
"652"	"PRON NOUN DET"	-1.38629436112108	0.179028718510143	Inf	-1.73718420159932	-1.03540452064284
"653"	"PRON NOUN NOUN"	-0.102654154060002	0.130916348520114	Inf	-0.359245482146918	0.153937174026914
"654"	"PRON NOUN NUM"	-0.000000000000424199737836251	0.471404520791023	Inf	-0.923935882900193	0.923935882899344
"655"	"PRON NOUN PRON"	-0.00913248356325513	0.0955646927939399	Inf	-0.196435839633012	0.178170872506501
"656"	"PRON NOUN PRT"	0.0906543682679068	0.118177564451465	Inf	-0.140969401837626	0.32227813837344
"657"	"PRON NOUN VERB"	0.32542240043465	0.0444667631172119	Inf	0.238269146215841	0.41257565465346
"658"	"PRON NUM ADJ"	0.405465108107323	0.912870929175033	Inf	-1.38372903560936	2.194659251824
"659"	"PRON NUM ADP"	-14.5660679044734	882.74339404779	Inf	-1744.71132782879	1715.57919201984
"660"	"PRON NUM ADV"	-0.693147180559661	1.22474487139169	Inf	-3.09360301873752	1.7073086576182
"661"	"PRON NUM CONJ"	0.000000000000155828475123521	0.999999999999964	Inf	-1.95996398453983	1.95996398454014
"662"	"PRON NUM DET"	-0.000000000000966840323080032	1.41421356237352	Inf	-2.77180764870115	2.77180764869922
"663"	"PRON NUM NOUN"	0.37085957893069	0.185722024293182	Inf	0.00685110018018126	0.7348680576812
"664"	"PRON NUM NUM"	1.3862943611191	1.11803398874959	Inf	-0.805011990321757	3.57760071255995
"665"	"PRON PRON ADJ"	-0.100713975601861	0.112296662944396	Inf	-0.320811390556912	0.119383439353189
"666"	"PRON PRON ADP"	-0.291840082600214	0.0985136191041399	Inf	-0.484923228031025	-0.0987569371694025
"667"	"PRON PRON ADV"	0.426084395310877	0.0607442903060376	Inf	0.307027774044598	0.545141016577156
"668"	"PRON PRON CONJ"	0.108213584640205	0.232835680711811	Inf	-0.348135963870811	0.564563133151221
"669"	"PRON PRON DET"	-0.433635985075307	0.153443714582999	Inf	-0.734380139312029	-0.132891830838586
"670"	"PRON PRON NOUN"	0.370859578930652	0.0758206989190389	Inf	0.222253739766681	0.519465418094624
"671"	"PRON PRON NUM"	0.693147180560808	0.500000000000156	Inf	-0.286834811709525	1.67312917283114
"672"	"PRON PRON PRON"	0.609854662449105	0.0795332141184508	Inf	0.453972427202229	0.765736897695981
"673"	"PRON PRON PRT"	0.499652323167898	0.121972278765707	Inf	0.260591049674833	0.738713596660963
"674"	"PRON PRON VERB"	1.1039375199668	0.0552001346099548	Inf	0.995747244189526	1.21212779574407
"675"	"PRON PRT ADJ"	0.648695417989081	0.181941657677498	Inf	0.29209632165367	1.00529451432449
"676"	"PRON PRT ADP"	0.170957798143763	0.176733887039608	Inf	-0.175434255301639	0.517349851589164
"677"	"PRON PRT ADV"	0.871130335755391	0.135726915516939	Inf	0.60511046960948	1.1371502019013
"678"	"PRON PRT CONJ"	0.462623521947987	0.218929859143197	Inf	0.0335288828868947	0.891718161009079
"679"	"PRON PRT DET"	-0.100083458557071	0.316623793430659	Inf	-0.720654690329613	0.520487773215471
"680"	"PRON PRT NOUN"	2.81341071675891	0.594418483337858	Inf	1.64837189767179	3.97844953584604
"681"	"PRON PRT PRON"	1.56861591791389	0.24579802006275	Inf	1.08686065111965	2.05037118470813
"682"	"PRON PRT PRT"	2.24374459297109	0.397503028930253	Inf	1.46465297252221	3.02283621341997
"683"	"PRON PRT VERB"	0.699578070890426	0.0982687188703984	Inf	0.506974921097554	0.892181220683299
"684"	"PRON VERB ADJ"	1.15923691048477	0.0675392244627655	Inf	1.02686246299398	1.29161135797556
"685"	"PRON VERB ADP"	0.372902480560378	0.0587659806298697	Inf	0.257723275009655	0.488081686111101
"686"	"PRON VERB ADV"	1.04149538669002	0.030899551850485	Inf	0.980933377924646	1.1020573954554
"687"	"PRON VERB CONJ"	-0.0777089843272695	0.0697258999474955	Inf	-0.214369237014004	0.0589512683594649
"688"	"PRON VERB DET"	-0.198275484736446	0.056508715131504	Inf	-0.309030531206827	-0.0875204382660643
"689"	"PRON VERB NOUN"	1.16103504658648	0.0796478322276085	Inf	1.00492816397368	1.31714192919928
"690"	"PRON VERB NUM"	1.6536091307471	0.196038016778356	Inf	1.26938167826087	2.03783658323334
"691"	"PRON VERB PRON"	1.0234667729827	0.0274426826881547	Inf	0.969680103274752	1.07725344269064
"692"	"PRON VERB PRT"	1.54161531609593	0.0814498098076915	Inf	1.38197662232521	1.70125400986664
"693"	"PRON VERB VERB"	0.813106495639033	0.0594805591262545	Inf	0.696526741971269	0.929686249306797
"694"	"PRT ADJ ADJ"	-0.00000000000041049715709951	0.408248290463886	Inf	-0.800151946059674	0.800151946058853
"695"	"PRT ADJ ADP"	0.0540672212701995	0.328918127355423	Inf	-0.590600462208788	0.698734904749187
"696"	"PRT ADJ ADV"	0.606135803570393	0.358870281282731	Inf	-0.0972370228655176	1.3095086300063
"697"	"PRT ADJ CONJ"	-0.342944751126473	0.278769815386618	Inf	-0.889323549261124	0.203434047008178
"698"	"PRT ADJ DET"	-0.693147180559772	0.866025403784365	Inf	-2.39052578167388	1.00423142055434
"699"	"PRT ADJ NOUN"	0.381367556529267	0.245162251614593	Inf	-0.099141627004082	0.861876740062616
"700"	"PRT ADJ PRON"	-0.236388778064213	0.345395781117986	Inf	-0.913352069467546	0.440574513339119
"701"	"PRT ADJ PRT"	0.287682072451496	0.440958551844113	Inf	-0.576580807837903	1.15194495274089
"702"	"PRT ADJ VERB"	-0.0119761910466527	0.154767421235516	Inf	-0.315314762648404	0.291362380555098
"703"	"PRT ADP ADJ"	-0.405465108107164	0.345032779671117	Inf	-1.0817169297483	0.270786713533969
"704"	"PRT ADP ADP"	1.94591014905583	1.06904496764986	Inf	-0.149379485391684	4.04119978350335
"705"	"PRT ADP ADV"	1.06087196068525	0.386746234076951	Inf	0.30286327073793	1.81888065063257
"706"	"PRT ADP CONJ"	-14.5660679052003	882.743394157457	Inf	-1744.71132804446	1715.57919223406
"707"	"PRT ADP DET"	-0.143100843640767	0.169463709147659	Inf	-0.475243610256749	0.189041922975214
"708"	"PRT ADP NOUN"	0.356674943938754	0.148586412831426	Inf	0.0654509261971576	0.64789896168035
"709"	"PRT ADP NUM"	1.09861228866835	1.15470053837919	Inf	-1.16455917948387	3.36178375682057
"710"	"PRT ADP PRON"	1.36760222810778	0.215571332280638	Inf	0.945090180738409	1.79011427547714
"711"	"PRT ADP VERB"	1.60943791243436	1.0954451150103	Inf	-0.537595060026165	3.75647088489489
"712"	"PRT ADV ADJ"	0.528067430200512	0.151788544265977	Inf	0.230567350173434	0.82556751022759
"713"	"PRT ADV ADP"	-0.363667979429801	0.1724499394038	Inf	-0.701663649797364	-0.0256723090622377
"714"	"PRT ADV ADV"	0.607989372219567	0.177536684593654	Inf	0.260023864481357	0.955954879957776
"715"	"PRT ADV CONJ"	0.18232155679413	0.302765035409823	Inf	-0.411087008387116	0.775730121975377
"716"	"PRT ADV DET"	0.187211542088289	0.231952599917311	Inf	-0.26740719987007	0.641830284046647
"717"	"PRT ADV NOUN"	0.28768207245197	0.288675134594952	Inf	-0.278110794586389	0.853474939490329
"718"	"PRT ADV NUM"	1.60943791243328	1.09544511500983	Inf	-0.537595060026323	3.75647088489288
"719"	"PRT ADV PRON"	1.037243342291	0.219937521952092	Inf	0.606173720415911	1.46831296416609
"720"	"PRT ADV PRT"	1.49392502531231	0.333642404640671	Inf	0.839997928501258	2.14785212212337
"721"	"PRT ADV VERB"	0.753771802376352	0.129271922499136	Inf	0.500403490065793	1.00714011468691
"722"	"PRT CONJ ADJ"	0.69314718055941	0.866025403784455	Inf	-1.00423142055488	2.3905257816737
"723"	"PRT CONJ ADP"	-0.810930216216451	0.600925212577523	Inf	-1.98872199027047	0.36686155783757
"724"	"PRT CONJ ADV"	1.19869574722487	0.261733824372115	Inf	0.685706877919597	1.71168461653015
"725"	"PRT CONJ CONJ"	1.22377543162237	0.508747019069286	Inf	0.226649597004459	2.22090126624028
"726"	"PRT CONJ DET"	-0.0870113769896017	0.295163026345013	Inf	-0.665520278193675	0.491497524214472
"727"	"PRT CONJ NOUN"	1.32175583998269	0.397911212877162	Inf	0.541864193698806	2.10164748626658
"728"	"PRT CONJ PRON"	0.989412996702983	0.125569730218663	Inf	0.743300847925992	1.23552514547997
"729"	"PRT CONJ PRT"	2.30258509299363	0.741619848709718	Inf	0.849036899302541	3.75613328668472
"730"	"PRT CONJ VERB"	0.639079959289667	0.283565436408042	Inf	0.0833019166695214	1.19485800190981
"731"	"PRT DET ADJ"	-0.619039208405989	0.331496772066015	Inf	-1.26876094264666	0.0306825258346839
"732"	"PRT DET ADP"	-14.5660678189472	509.652128904846	Inf	-1013.46588511661	984.333749478716
"733"	"PRT DET ADV"	-14.5660679050002	882.743394069434	Inf	-1744.71132787174	1715.57919206174
"734"	"PRT DET DET"	0.405465108108799	0.912870929175274	Inf	-1.38372903560835	2.19465925182595
"735"	"PRT DET NOUN"	0.026668247082205	0.163313833616338	Inf	-0.293420984982984	0.346757479147394
"736"	"PRT DET PRON"	1.79175946923003	1.08012344973536	Inf	-0.325243591108442	3.9087625295685
"737"	"PRT NOUN ADP"	1.48160454092441	0.495433694307067	Inf	0.510572343354927	2.45263673849388
"738"	"PRT NOUN ADV"	3.09104245335758	1.0224747162904	Inf	1.08702883432558	5.09505607238958
"739"	"PRT NOUN CONJ"	1.48160454092464	0.495433694306852	Inf	0.510572343355584	2.4526367384937
"740"	"PRT NOUN DET"	-0.287682072451599	0.763762615825849	Inf	-1.78462929220836	1.20926514730517
"741"	"PRT NOUN NOUN"	1.99243016469049	0.435194139889455	Inf	1.13946532422427	2.8453950051567
"742"	"PRT NOUN VERB"	2.25129179860705	0.303488489333716	Inf	1.6564652897905	2.84611830742361
"743"	"PRT NUM ADP"	-14.5660679048399	882.743394183666	Inf	-1744.71132809547	1715.57919228579
"744"	"PRT NUM NOUN"	2.07944154167962	0.612372435695876	Inf	0.879213622590636	3.27966946076861
"745"	"PRT PRON ADJ"	0.693147180559991	0.339683110243585	Inf	0.0273805183260168	1.35891384279397
"746"	"PRT PRON ADP"	0.559615787935424	0.443202630214117	Inf	-0.309045405137669	1.42827698100852
"747"	"PRT PRON ADV"	1.09861228866814	0.384900179459719	Inf	0.344221799284083	1.85300277805219
"748"	"PRT PRON CONJ"	2.39789527279812	1.04446593573402	Inf	0.350779655680514	4.44501088991572
"749"	"PRT PRON DET"	0.773189888233797	0.493548116792861	Inf	-0.19414664531778	1.74052642178537
"750"	"PRT PRON NOUN"	0.682218110027927	0.180909207681138	Inf	0.327642578501219	1.03679364155463
"751"	"PRT PRON PRON"	1.76190650607874	0.262534834856075	Inf	1.24734768507366	2.27646532708382
"752"	"PRT PRON PRT"	1.02961941718093	0.520988072251878	Inf	0.008501559192299	2.05073727516957
"753"	"PRT PRON VERB"	1.16269114535253	0.0982435328724128	Inf	0.970137359208626	1.35524493149644
"754"	"PRT PRT ADJ"	0.847297860387508	0.690065559342379	Inf	-0.505205782895041	2.19980150367006
"755"	"PRT PRT ADV"	2.19722457733661	1.05409255338993	Inf	0.13124113632048	4.26320801835274
"756"	"PRT PRT CONJ"	0.693147180559389	0.499999999999929	Inf	-0.286834811710499	1.67312917282928
"757"	"PRT PRT PRON"	1.09861228866821	0.436435780472049	Inf	0.243213877378367	1.95401069995806
"758"	"PRT PRT VERB"	1.18562366565812	0.344509606087936	Inf	0.510397245397681	1.86085008591855
"759"	"PRT VERB ADJ"	0.336472236621439	0.414039335605592	Inf	-0.475029949348414	1.14797442259129
"760"	"PRT VERB ADP"	-1.17865499634189	0.255704155978492	Inf	-1.67982593275695	-0.677484059926839
"761"	"PRT VERB ADV"	0.962810747509164	0.181384764797075	Inf	0.607303141162628	1.3183183538557
"762"	"PRT VERB CONJ"	-0.788457360364283	0.120604537831699	Inf	-1.02483791088651	-0.552076809842056
"763"	"PRT VERB DET"	-0.980829253011533	0.390867979985223	Inf	-1.74691641649249	-0.214742089530573
"764"	"PRT VERB NOUN"	0.133531392624512	0.365962527355736	Inf	-0.583741980683985	0.850804765933008
"765"	"PRT VERB NUM"	-0.000000000000329553224986956	1.41421356237332	Inf	-2.77180764870012	2.77180764869946
"766"	"PRT VERB PRON"	0.277383320251404	0.120032918133867	Inf	0.0421231237497796	0.512643516753029
"767"	"PRT VERB PRT"	1.46633706879305	0.452910813657869	Inf	0.578648185814898	2.35402595177121
"768"	"PRT VERB VERB"	-0.336472236621409	0.127775313000218	Inf	-0.586907248215169	-0.0860372250276494
"769"	"VERB ADJ ADJ"	1.92225595815761	0.144365482889581	Inf	1.6393048110833	2.20520710523192
"770"	"VERB ADJ ADP"	0.0434851119398136	0.208563702419648	Inf	-0.365292233285026	0.452262457164653
"771"	"VERB ADJ ADV"	1.06289420606604	0.188166677615048	Inf	0.694094294849989	1.43169411728209
"772"	"VERB ADJ CONJ"	-0.17693070815915	0.172170107079247	Inf	-0.514377917248879	0.160516500930578
"773"	"VERB ADJ DET"	0.318453731118412	0.232330094321316	Inf	-0.136904886276161	0.773812348512985
"774"	"VERB ADJ NOUN"	0.233614851181525	0.116065403738123	Inf	0.00613084000370362	0.461098862359347
"775"	"VERB ADJ NUM"	1.50407739677652	0.781735959970928	Inf	-0.0280969301863392	3.03625172373939
"776"	"VERB ADJ PRON"	0.510825623765728	0.188561808316427	Inf	0.141251270605786	0.880399976925671
"777"	"VERB ADJ PRT"	1.80280930541449	0.278667683192285	Inf	1.25663068270239	2.34898792812658
"778"	"VERB ADJ VERB"	0.657429097957837	0.163201619906555	Inf	0.337559800722395	0.97729839519328
"779"	"VERB ADP ADJ"	-1.39624469197242	0.223385295172082	Inf	-1.83407182518555	-0.958417558759287
"780"	"VERB ADP ADP"	1.54044504094741	0.449867705421262	Inf	0.658720540514057	2.42216954138075
"781"	"VERB ADP ADV"	0.842182759720645	0.226050660469972	Inf	0.399131606518008	1.28523391292328
"782"	"VERB ADP CONJ"	0.916290731873973	0.836660026534145	Inf	-0.723532787437277	2.55611425118522
"783"	"VERB ADP DET"	-0.993460999917357	0.087987315695196	Inf	-1.1659129697763	-0.821009030058417
"784"	"VERB ADP NOUN"	-0.129709544668086	0.0664023607300081	Inf	-0.259855780187338	0.000436690851166793
"785"	"VERB ADP NUM"	0.498991166118975	0.217414138370186	Inf	0.0728672851836031	0.925115047054346
"786"	"VERB ADP PRON"	0.295154087290368	0.076254330444678	Inf	0.145698345953582	0.444609828627153
"787"	"VERB ADP PRT"	1.70474809223963	0.768706114786197	Inf	0.198111792562971	3.21138439191629
"788"	"VERB ADP VERB"	1.94591014905543	1.06904496764927	Inf	-0.14937948539093	4.04119978350178
"789"	"VERB ADV ADJ"	1.13219969599175	0.068355841510431	Inf	0.998224708498375	1.26617468348512
"790"	"VERB ADV ADP"	0.443398923311734	0.0717416801646897	Inf	0.30278781399855	0.584010032624917
"791"	"VERB ADV ADV"	0.932360298930973	0.0465913423676537	Inf	0.841042945898997	1.02367765196295
"792"	"VERB ADV CONJ"	0.131336002061152	0.128313044999104	Inf	-0.120152944883759	0.382824949006064
"793"	"VERB ADV DET"	0.132791473981814	0.0744933114903063	Inf	-0.0132127336283096	0.278795681591939
"794"	"VERB ADV NOUN"	1.26876330984232	0.101646887926633	Inf	1.06953907036554	1.4679875493191
"795"	"VERB ADV NUM"	1.32405205224317	0.208942744663282	Inf	0.914531797872193	1.73357230661415
"796"	"VERB ADV PRON"	1.06574814126973	0.0670563594161671	Inf	0.934320091879665	1.19717619065979
"797"	"VERB ADV PRT"	1.61348377095378	0.0900147308892565	Inf	1.43705814033277	1.78990940157478
"798"	"VERB ADV VERB"	0.668067496162975	0.0684344709893431	Inf	0.533938397722811	0.802196594603139
"799"	"VERB CONJ ADJ"	-1.97716269255944	0.355662377115921	Inf	-2.67424814236254	-1.28007724275633
"800"	"VERB CONJ ADP"	-1.38017813410225	0.174714662314478	Inf	-1.7226125798097	-1.03774368839479
"801"	"VERB CONJ ADV"	0.0666913744987579	0.0816950568507682	Inf	-0.0934279946437	0.226810743641216
"802"	"VERB CONJ CONJ"	-0.567106459664548	0.203079202795755	Inf	-0.965134383153333	-0.169078536175763
"803"	"VERB CONJ DET"	-1.7008994665774	0.129055031400483	Inf	-1.95384268014603	-1.44795625300876
"804"	"VERB CONJ NOUN"	-0.583146285345607	0.147108214840424	Inf	-0.871473088262819	-0.294819482428395
"805"	"VERB CONJ NUM"	0.133531392624236	0.517549169506679	Inf	-0.88084633983747	1.14790912508594
"806"	"VERB CONJ PRON"	-0.511142530756341	0.0503523226488853	Inf	-0.609831269686096	-0.412453791826585
"807"	"VERB CONJ PRT"	-0.348306694268209	0.217682385403779	Inf	-0.774956329728385	0.078342941191966
"808"	"VERB CONJ VERB"	-0.782378314287603	0.139394742759329	Inf	-1.05558698973011	-0.509169638845092
"809"	"VERB DET ADJ"	-0.552716565475077	0.0917851657939852	Inf	-0.732612184746326	-0.372820946203829
"810"	"VERB DET ADP"	-14.5660677807875	158.545390624659	Inf	-325.309323319953	296.177187758378
"811"	"VERB DET ADV"	-2.86220088093003	0.514087263298562	Inf	-3.86979340190597	-1.85460835995408
"812"	"VERB DET CONJ"	-14.5660678184291	509.652128881138	Inf	-1013.46588506962	984.333749432767
"813"	"VERB DET DET"	-0.847297860387354	0.690065559342255	Inf	-2.19980150366966	0.505205782894954
"814"	"VERB DET NOUN"	-0.256160838142032	0.0500213983448922	Inf	-0.354200977354353	-0.158120698929712
"815"	"VERB DET NUM"	0.000000000000395618433846057	0.500000000000028	Inf	-0.979981992269687	0.979981992270478
"816"	"VERB DET PRON"	0.476924072090153	0.212177183241251	Inf	0.0610644345961459	0.89278370958416
"817"	"VERB DET PRT"	-0.69314718055996	0.612372435695934	Inf	-1.89337509964906	0.50708073852914
"818"	"VERB DET VERB"	-1.84582669049784	0.621260744197279	Inf	-3.06347537413305	-0.628178006862619
"819"	"VERB NOUN ADJ"	0.0540672212701654	0.328918127355488	Inf	-0.590600462208949	0.69873490474928
"820"	"VERB NOUN ADP"	-0.139761942375237	0.176520311266954	Inf	-0.485735394998266	0.206211510247792
"821"	"VERB NOUN ADV"	0.587786664902165	0.19720265943684	Inf	0.20127655475044	0.97429677505389
"822"	"VERB NOUN CONJ"	0.361013345537171	0.192069377013315	Inf	-0.0154357159419704	0.737462407016313
"823"	"VERB NOUN DET"	-0.307484699747847	0.263461125606588	Inf	-0.823859017263143	0.208889617767448
"824"	"VERB NOUN NOUN"	0.0465200156348161	0.17613781826902	Inf	-0.298703764487925	0.391743795757557
"825"	"VERB NOUN NUM"	-0.510825623766244	0.730296743340279	Inf	-1.94218093874008	0.920529691207593
"826"	"VERB NOUN PRON"	-0.0816780310142186	0.202199008113266	Inf	-0.477980804625942	0.314624742597505
"827"	"VERB NOUN PRT"	0.958850346292944	0.245244627945736	Inf	0.478179708117376	1.43952098446851
"828"	"VERB NOUN VERB"	0.83455883460988	0.134732079857513	Inf	0.570488810526981	1.09862885869278
"829"	"VERB NUM ADJ"	-14.5660678083179	441.371689878804	Inf	-879.638683766356	850.50654814972
"830"	"VERB NUM ADP"	0.693147180560145	0.866025403784307	Inf	-1.00423142055386	2.39052578167414
"831"	"VERB NUM ADV"	0.916290731874667	0.836660026534171	Inf	-0.723532787436633	2.55611425118597
"832"	"VERB NUM DET"	0.000000000000253327740729059	1.414213562373	Inf	-2.77180764869892	2.77180764869943
"833"	"VERB NUM NOUN"	1.19213834667896	0.195806884798907	Inf	0.808363904548118	1.5759127888098
"834"	"VERB NUM NUM"	1.70474809223762	0.768706114786151	Inf	0.198111792561049	3.21138439191419
"835"	"VERB NUM PRON"	0.693147180559637	0.866025403784488	Inf	-1.00423142055472	2.39052578167399
"836"	"VERB NUM PRT"	-0.00000000000103999794887066	1.41421356237294	Inf	-2.7718076487001	2.77180764869802
"837"	"VERB NUM VERB"	1.46633706879396	0.640512615220447	Inf	0.210955411318318	2.72171872626959
"838"	"VERB PRON ADJ"	0.663463022272041	0.0649633400460367	Inf	0.53613721546638	0.790788829077701
"839"	"VERB PRON ADP"	0.118247827670441	0.0628552803571363	Inf	-0.00494625806771455	0.241441913408596
"840"	"VERB PRON ADV"	1.00686916202757	0.0338159502320441	Inf	0.940591117469767	1.07314720658538
"841"	"VERB PRON CONJ"	0.0100503358534167	0.141778031094538	Inf	-0.267829498890879	0.287930170597712
"842"	"VERB PRON DET"	-0.377180394269572	0.0819530608474292	Inf	-0.537805441953353	-0.216555346585791
"843"	"VERB PRON NOUN"	0.76741247199339	0.0567902989909123	Inf	0.656105531299941	0.87871941268684
"844"	"VERB PRON NUM"	1.11436064563667	0.25148369255127	Inf	0.621461665537036	1.6072596257363
"845"	"VERB PRON PRON"	0.940351273146122	0.0424400009651798	Inf	0.857170399750524	1.02353214654172
"846"	"VERB PRON PRT"	1.41559651180724	0.0739919256418477	Inf	1.27057500240245	1.56061802121202
"847"	"VERB PRON VERB"	0.625869467727079	0.0424180644343371	Inf	0.542731589141879	0.709007346312279
"848"	"VERB PRT ADJ"	1.11646990606804	0.189411152124421	Inf	0.745230869633932	1.48770894250214
"849"	"VERB PRT ADP"	0.921988752988902	0.199837596400802	Inf	0.530314261286279	1.31366324469153
"850"	"VERB PRT ADV"	1.25276296849489	0.139572631560144	Inf	0.979205637409531	1.52632029958025
"851"	"VERB PRT CONJ"	1.34855403313723	0.21599171662906	Inf	0.92521804758529	1.77189001868917
"852"	"VERB PRT DET"	-0.362905493689589	0.325543024605886	Inf	-1.00095809733536	0.275147109956184
"853"	"VERB PRT NOUN"	2.43361335540105	0.466415972763643	Inf	1.51945484697009	3.347771863832
"854"	"VERB PRT NUM"	0.847297860386625	0.690065559342338	Inf	-0.505205782895844	2.19980150366909
"855"	"VERB PRT PRON"	1.40399393821877	0.172213463544292	Inf	1.06646175201905	1.74152612441848
"856"	"VERB PRT PRT"	2.04307389750865	0.401715896344331	Inf	1.25572520865654	2.83042258636076
"857"	"VERB PRT VERB"	0.502628856561463	0.127972345211376	Inf	0.25180766893004	0.753450044192887
"858"	"VERB VERB ADJ"	-0.197825743330051	0.23851839686072	Inf	-0.665313210827293	0.269661724167191
"859"	"VERB VERB ADP"	-0.866994110362996	0.134079740394721	Inf	-1.12978557259313	-0.604202648132862
"860"	"VERB VERB ADV"	-0.247501995146526	0.110439615407845	Inf	-0.463959663812356	-0.0310443264806959
"861"	"VERB VERB CONJ"	-1.02043099112689	0.0910788843444586	Inf	-1.19894232419412	-0.841919658059659
"862"	"VERB VERB DET"	-1.00330210886434	0.20350464715633	Inf	-1.40216388797727	-0.6044403297514
"863"	"VERB VERB NOUN"	0.433635985074825	0.217002182223921	Inf	0.00831952334934094	0.858952446800308
"864"	"VERB VERB NUM"	0.510825623765582	0.516397779494486	Inf	-0.501295425740068	1.52294667327123
"865"	"VERB VERB PRON"	0.115015250883387	0.068591960821696	Inf	-0.0194225219561192	0.249453023722894
"866"	"VERB VERB PRT"	0.86750056770462	0.260036627456685	Inf	0.357838143228257	1.37716299218098
"867"	"VERB VERB VERB"	-0.668541369757879	0.102484941848475	Inf	-0.869408164738572	-0.467674574777186
"868"	"ADJ ADP PRT"	14.5660677128227	624.19381990486	Inf	-1208.83133867318	1237.96347409883
"869"	"ADJ DET PRT"	14.5660676467463	882.743355788433	Inf	-1715.57911729061	1744.7112525841
"870"	"ADJ NUM ADJ"	14.5660676497157	882.743356476404	Inf	-1715.57911863604	1744.71125393547
"871"	"ADJ NUM ADP"	14.5660677552745	360.378472505482	Inf	-691.762759159027	720.894894669576
"872"	"ADJ NUM ADV"	14.5660676486329	882.743356247531	Inf	-1715.57911818854	1744.7112534858
"873"	"ADJ PRT NOUN"	14.5660677681298	227.923359057773	Inf	-432.155507220497	461.287642756757
"874"	"ADJ PRT NUM"	14.5660676488846	882.743356085121	Inf	-1715.57911786997	1744.71125316774
"875"	"ADP ADP CONJ"	14.5660676491803	882.743356170271	Inf	-1715.57911803656	1744.71125333492
"876"	"ADP ADP PRT"	14.5660677552997	360.378472507854	Inf	-691.762759163653	720.894894674252
"877"	"ADP CONJ VERB"	14.5660676483399	882.743356189082	Inf	-1715.57911807427	1744.71125337095
"878"	"ADP PRT ADP"	14.5660677661422	254.826062197383	Inf	-484.883836462892	514.015971995176
"879"	"ADP PRT DET"	14.5660676477888	882.743355892258	Inf	-1715.57911749306	1744.71125278864
"880"	"ADP PRT NOUN"	14.5660677721264	166.82281718731	Inf	-312.400645714511	341.532781258764
"881"	"ADP PRT NUM"	14.5660677132667	624.193819938318	Inf	-1208.83133873832	1237.96347416485
"882"	"ADP PRT PRON"	14.5660677449877	441.371685266307	Inf	-850.506539172722	879.638674662698
"883"	"ADP PRT PRT"	14.5660677118507	624.193819879045	Inf	-1208.83133862356	1237.96347404726
"884"	"ADV DET CONJ"	14.566067744826	441.371685256126	Inf	-850.50653915293	879.638674642582
"885"	"ADV NUM PRT"	14.5660677447155	441.371685233345	Inf	-850.50653910839	879.638674597821
"886"	"ADV PRT NUM"	14.5660677453104	441.37168524078	Inf	-850.506539122368	879.638674612989
"887"	"CONJ ADP ADP"	14.5660677130176	624.193819895589	Inf	-1208.83133865482	1237.96347408085
"888"	"CONJ ADP CONJ"	14.5660677129613	624.193819910726	Inf	-1208.83133868454	1237.96347411046
"889"	"CONJ ADP PRT"	14.5660677121547	624.193819747815	Inf	-1208.83133836605	1237.96347379036
"890"	"CONJ CONJ CONJ"	14.5660677700808	202.515219006104	Inf	-382.356467803124	411.488603343285
"891"	"CONJ DET CONJ"	14.5660677131169	624.193819889559	Inf	-1208.8313386429	1237.96347406913
"892"	"CONJ PRT NUM"	14.5660677124745	624.193819870174	Inf	-1208.83133860555	1237.9634740305
"893"	"DET ADP ADP"	14.5660676489461	882.743356220721	Inf	-1715.57911813568	1744.71125343357
"894"	"DET ADP PRT"	14.5660676481289	882.743356104924	Inf	-1715.57911790954	1744.7112532058
"895"	"DET CONJ ADP"	14.566067649328	882.743356361975	Inf	-1715.57911841215	1744.7112537108
"896"	"DET CONJ CONJ"	14.5660676487884	882.743356246036	Inf	-1715.57911818545	1744.71125348303
"897"	"DET DET DET"	14.5660677122797	624.193819835967	Inf	-1208.8313385387	1237.96347396326
"898"	"DET DET NUM"	14.5660676483091	882.743356106814	Inf	-1715.57911791306	1744.71125320968
"899"	"DET NUM ADP"	14.5660677131422	624.193820049843	Inf	-1208.83133895703	1237.96347438331
"900"	"DET NUM ADV"	14.5660677132404	624.193819891336	Inf	-1208.83133864626	1237.96347407274
"901"	"DET NUM PRON"	14.5660677347637	509.652121675727	Inf	-984.333735394086	1013.46587086361
"902"	"DET NUM VERB"	14.5660677581247	333.645633500993	Inf	-639.367357502873	668.499493019122
"903"	"DET PRON NUM"	14.5660677126529	624.193819858353	Inf	-1208.8313385822	1237.96347400751
"904"	"DET PRT NOUN"	14.5660677663727	254.826062197225	Inf	-484.883836462353	514.015971995098
"905"	"NUM ADJ CONJ"	14.5660676481617	882.743355867931	Inf	-1715.57911744501	1744.71125274133
"906"	"NUM ADJ NUM"	14.5660676480557	882.743355885506	Inf	-1715.57911747956	1744.71125277567
"907"	"NUM ADP ADV"	14.566067648079	882.743356164359	Inf	-1715.57911802608	1744.71125332224
"908"	"NUM ADV CONJ"	14.5660676486202	882.74335630335	Inf	-1715.57911829795	1744.71125359519
"909"	"NUM ADV PRON"	14.5660677554078	360.378472552435	Inf	-691.762759250921	720.894894761737
"910"	"NUM ADV PRT"	14.5660677346909	509.652121618574	Inf	-984.333735282142	1013.46587075152
"911"	"NUM CONJ PRT"	14.5660677126848	624.193819831902	Inf	-1208.83133853033	1237.9634739557
"912"	"NUM NUM ADJ"	14.5660677128902	624.193819896598	Inf	-1208.83133865692	1237.9634740827
"913"	"NUM NUM ADV"	14.5660677344432	509.65212163643	Inf	-984.333735317387	1013.46587078627
"914"	"NUM NUM PRON"	14.5660676482333	882.743355909811	Inf	-1715.57911752702	1744.71125282349
"915"	"NUM PRON NUM"	14.5660676483738	882.743356116438	Inf	-1715.57911793186	1744.71125322861
"916"	"NUM PRT NOUN"	14.5660677346844	509.65212169227	Inf	-984.333735426589	1013.46587089596
"917"	"NUM VERB NOUN"	14.5660676479011	882.743355802498	Inf	-1715.57911731702	1744.71125261282
"918"	"NUM VERB NUM"	14.5660677127216	624.193819879711	Inf	-1208.83133862399	1237.96347404944
"919"	"PRON DET DET"	14.5660676479322	882.743356252964	Inf	-1715.57911819989	1744.71125349575
"920"	"PRON NUM PRON"	14.5660677449917	441.371685283567	Inf	-850.506539206547	879.638674696531
"921"	"PRON NUM PRT"	14.5660677449332	441.371685262988	Inf	-850.506539166271	879.638674656137
"922"	"PRON NUM VERB"	14.5660677726468	158.54539040892	Inf	-296.177187343678	325.309322888972
"923"	"PRON PRT NUM"	14.5660677447737	441.371685292284	Inf	-850.50653922385	879.638674713397
"924"	"PRT ADJ NUM"	14.5660676481266	882.743356333293	Inf	-1715.57911835713	1744.71125365339
"925"	"PRT ADP PRT"	14.5660677344819	509.652121748034	Inf	-984.333735536087	1013.46587100505
"926"	"PRT CONJ NUM"	14.5660677126965	624.193819912062	Inf	-1208.83133868743	1237.96347411282
"927"	"PRT DET NUM"	14.5660676487985	882.743356278221	Inf	-1715.57911824852	1744.71125354612
"928"	"PRT NOUN ADJ"	14.5660677509154	394.774837043537	Inf	-759.178394857086	788.310530358917
"929"	"PRT NOUN NUM"	14.5660677443905	441.371685171404	Inf	-850.506538987313	879.638674476094
"930"	"PRT NOUN PRON"	14.5660677673798	235.923090363977	Inf	-447.834692467404	476.966828002164
"931"	"PRT NOUN PRT"	14.5660677712525	184.064717460141	Inf	-346.194149275166	375.326284817671
"932"	"PRT NUM ADV"	14.566067713888	624.193819962213	Inf	-1208.83133878453	1237.9634742123
"933"	"PRT NUM CONJ"	14.566067648953	882.743356366945	Inf	-1715.57911842227	1744.71125372017
"934"	"PRT NUM NUM"	14.5660676482022	882.743356053779	Inf	-1715.57911780922	1744.71125310563
"935"	"PRT NUM PRON"	14.5660676479273	882.74335628704	Inf	-1715.57911826668	1744.71125356253
"936"	"PRT NUM VERB"	14.5660677454375	441.371685372131	Inf	-850.506539379683	879.638674870558
"937"	"PRT PRT ADP"	14.5660677610545	312.096912471824	Inf	-597.13264036987	626.264775891979
"938"	"PRT PRT DET"	14.5660677449555	441.371685283549	Inf	-850.506539206547	879.638674696458
"939"	"PRT PRT NOUN"	14.5660677698526	202.515218999047	Inf	-382.356467789521	411.488603329226
"940"	"PRT PRT NUM"	14.5660676480407	882.74335624144	Inf	-1715.57911817719	1744.71125347327
"941"	"PRT PRT PRT"	14.5660677755051	82.3162441607847	Inf	-146.770806122238	175.902941673249
"942"	"VERB NUM CONJ"	14.5660677639059	279.147964901949	Inf	-532.553889801565	561.686025329377
