	Estimate	Std. Error	z value	Pr(>|z|)
(Intercept)	0.00480988923789267	8.40053343762026	0.000572569500926269	0.999543155660186
pos_seq1	1.18303353315805	8.40363292516293	0.140776440819506	0.888046555196356
pos_seq2	0.614229319168142	8.40488349522398	0.0730800515577847	0.941742415756506
pos_seq3	1.15536029242944	8.40424735872676	0.137473380198614	0.890656632478003
pos_seq4	0.439121499698036	8.40340045583927	0.0522552152554987	0.958325337579853
pos_seq5	2.07463165244245	8.4338762007247	0.245987918611395	0.805691584763928
pos_seq6	-0.864278285245573	8.40133854351564	-0.102873879057361	0.918063069178897
pos_seq7	1.60462802319515	8.43609436595331	0.190209823834021	0.849144713346877
pos_seq8	1.11733289684043	8.40615520875076	0.132918423356887	0.894257896454737
pos_seq9	1.82777157451066	8.40914110840135	0.217355322136833	0.827931446614643
pos_seq10	0.42322954090874	8.401877242461	0.0503732116877218	0.959824983253761
pos_seq11	-1.95072003829284	8.41748594951322	-0.231746159125534	0.816735177369125
pos_seq12	1.60462802319706	8.47150602111516	0.189414729706564	0.849767780796466
pos_seq13	0.31364384188036	8.41334729591782	0.0372793171194229	0.970262296575713
pos_seq14	-1.06442002010298	8.4018444658635	-0.126688850814568	0.899186670492132
pos_seq15	-0.392943540994373	8.40156102082898	-0.0467703013785409	0.962696299187188
pos_seq16	-1.61424780167227	8.436094365953	-0.191350135696344	0.848251284084592
pos_seq17	0.394790099417739	8.40227400028508	0.0469861015487408	0.962524304652017
pos_seq18	-14.5708777097085	509.180110921238	-0.028616352833079	0.9771705697507
pos_seq19	0.0452005313367215	8.40350445246597	0.00537877162943105	0.995708381854402
pos_seq20	-0.432253904064887	8.40380375625974	-0.0514355066588644	0.958978491984657
pos_seq21	0.764323198299894	8.40282043030128	0.0909603156035182	0.927524123849773
pos_seq22	-0.00480988923840281	8.40966595966559	-0.000571947716053406	0.999543651772655
pos_seq23	-0.392575420246444	8.40577898415546	-0.0467030385864811	0.962749908548593
pos_seq24	0.623798770184548	8.41190951970603	0.0741566191033339	0.940885763703755
pos_seq25	0.842487971149401	8.42876868188127	0.0999538607531653	0.920380955713573
pos_seq26	0.282872183213935	8.40548145208963	0.0336532993173891	0.973153619603857
pos_seq27	0.56317414836809	8.40600518898372	0.0669966453394704	0.946584373833035
pos_seq28	-0.0951939507062086	8.4020691693454	-0.011329822307762	0.990960303101002
pos_seq29	-1.56545763750241	8.40395494697651	-0.1862763005489	0.852228091610518
pos_seq30	-1.17488114188938	8.40917634432073	-0.139714175774522	0.88888582561922
pos_seq31	0.0807122842003396	8.40256745901216	0.00960566929025625	0.992335902636924
pos_seq32	0.688337291321845	8.42277661215277	0.0817233227257482	0.93486673153842
pos_seq33	-1.12284026376312	8.4051680896274	-0.1335892693388	0.893727369954236
pos_seq34	0.184432110400558	8.40505501385171	0.0219429985998438	0.982493425099333
pos_seq35	0.688337291322575	8.48915645533878	0.0810842979445482	0.935374912991616
pos_seq36	-0.0109637548123202	8.40126441163468	-0.00130501246897274	0.998958750994903
pos_seq37	0.582976775664508	8.41899118746265	0.0692454431515099	0.944794251487549
pos_seq38	-0.367715382927011	8.40682551802836	-0.0437400992965119	0.965111575172018
pos_seq39	-0.276743604721638	8.40380298800598	-0.0329307582670144	0.973729804541544
pos_seq40	-14.5708777951251	881.845814217516	-0.0165231580852422	0.98681702712849
pos_seq41	-0.00480988923893963	8.51849257510622	-0.000564640891159038	0.999549481774485
pos_seq42	-14.5708777952778	881.845814388013	-0.0165231580822207	0.986817027130901
pos_seq43	-0.136002099509206	8.40157528723601	-0.0161876903865666	0.987084655826937
pos_seq44	-0.697957069798495	8.44496120061884	-0.0826477532836207	0.934131629501372
pos_seq45	-0.697957069798993	8.48915645533807	-0.08221748220462	0.934473771721106
pos_seq46	-1.62191067441738	8.4032707499136	-0.193009451044292	0.846951566398062
pos_seq47	-1.81737248609665	8.40115583620859	-0.21632410129376	0.828735123688212
pos_seq48	-0.665457902404834	8.40105709261898	-0.0792112105736662	0.936864627863937
pos_seq49	-1.40553451518681	8.40139419988776	-0.167297770077922	0.867135758633613
pos_seq50	-2.43922037501191	8.40346926457326	-0.290263496922039	0.771614662482258
pos_seq51	-0.522752980772584	8.40166166087242	-0.0622201895140706	0.95038748473141
pos_seq52	-0.6109456928082	8.41581789989677	-0.0725949277984845	0.942128463102459
pos_seq53	-1.46500927984274	8.40136503592417	-0.174377529553635	0.861568772583804
pos_seq54	-1.22120521356248	8.40190817838215	-0.145348555070455	0.884435680323967
pos_seq55	-1.06245473941746	8.40074291003227	-0.126471521720855	0.899358690387222
pos_seq56	-0.697957069798364	8.44496120061527	-0.0826477532836401	0.934131629501356
pos_seq57	0.0774282089990597	8.40379275810917	0.00921348386707252	0.992648807476425
pos_seq58	-0.515635513004034	8.43215055768376	-0.0611511273994228	0.951238851528314
pos_seq59	-14.5708777953835	881.845814484616	-0.0165231580805306	0.986817027132249
pos_seq60	-0.0048098892379208	8.51849257510719	-0.000564640891039372	0.999549481774581
pos_seq61	-0.921100621112172	8.44200662384658	-0.109109203789333	0.913115874907374
pos_seq62	-0.292491961689718	8.40630583801393	-0.0347943516838334	0.972243724609461
pos_seq63	-0.803317585455624	8.41009697244068	-0.0955182310130361	0.923903210211719
pos_seq64	-0.21838398953588	8.40564452385158	-0.0259806358591778	0.979272783583532
pos_seq65	-0.187131446031851	8.4114152273675	-0.0222473199780933	0.982250671034064
pos_seq66	-14.5708776770968	266.007125549033	-0.0547762682936511	0.956316707168358
pos_seq67	0.0834827179075986	8.40228353436786	0.0099357177803069	0.992072574613388
pos_seq68	0.34801148538483	8.40442214316894	0.0414081396027556	0.966970523899602
pos_seq69	-1.00333871934847	8.41213621549258	-0.119272761834339	0.905059262339386
pos_seq70	0.280575970953704	8.40148789081913	0.0333959858777287	0.973358810684381
pos_seq71	0.783647471126209	8.40916807784149	0.0931896548947752	0.925752892822988
pos_seq72	-0.00480988923803669	8.42425740226774	-0.000570957059875914	0.999544442201795
pos_seq73	0.96459066794998	8.40797762017803	0.114723267773108	0.908664470677361
pos_seq74	1.69993820299928	8.41806327429031	0.201939347283249	0.83996414100948
pos_seq75	-0.00480988923738285	8.44003633138809	-0.000569889636552287	0.999545293882246
pos_seq76	0.601325914332689	8.4158178998971	0.0714518685510105	0.943038129927158
pos_seq77	0.688337291321321	8.44496120061071	0.0815086386982503	0.935037455052103
pos_seq78	-1.01381001921648	8.4028487642335	-0.12065075162744	0.903967668437583
pos_seq79	-0.00480988923777952	8.40844886315787	-0.000572030503610997	0.999543585717752
pos_seq80	-1.33260804367648	8.40394804174705	-0.158569286370724	0.874008228504571
pos_seq81	-0.00480988923789433	8.40213851834137	-0.000572460121598165	0.999543242932249
pos_seq82	-0.829666415152301	8.40136277314364	-0.0987537900165993	0.921333759295886
pos_seq83	-1.70125917866282	8.40692032765652	-0.202364137205646	0.839632062729839
pos_seq84	0.400655218870336	8.40671800066218	0.0476589340618749	0.961988062759761
pos_seq85	-0.697957069797192	8.48915645533496	-0.082217482204438	0.934473771721251
pos_seq86	-0.0599617093129732	8.40112929455225	-0.00713733918508499	0.994305275608787
pos_seq87	-0.921100621112413	8.4109209059833	-0.109512457840041	0.912796041271119
pos_seq88	-1.53229069439839	8.40171838595023	-0.182378249782898	0.855285893705183
pos_seq89	-2.46866312982759	8.41663012574117	-0.293307783869165	0.769286904497258
pos_seq90	-0.610945692808468	8.41581789989346	-0.0725949277985449	0.94212846310241
pos_seq91	-0.0048098892377558	8.41132535291479	-0.000571834881656197	0.999543741801464
pos_seq92	-3.09585234259499	8.4623990057974	-0.365836252872748	0.714487266393933
pos_seq93	-0.410274997347075	8.44988319947785	-0.0485539252628282	0.961274788939263
pos_seq94	-1.59663325497088	8.40110074770794	-0.190050483016346	0.849269571625651
pos_seq95	1.60462802319725	8.4360943659543	0.190209823834247	0.8491447133467
pos_seq96	-1.10342217790586	8.42688927554189	-0.130940628484157	0.89582227447013
pos_seq97	-1.39110425035784	8.43757281880806	-0.164870191965272	0.869046154657852
pos_seq98	-1.39110425035777	8.40795436737338	-0.165450975299756	0.868589033992724
pos_seq99	-0.341282125859074	8.42087235652788	-0.0405281200580735	0.967672088888772
pos_seq100	1.94110025981783	8.46813986252049	0.229223925363944	0.818694877841287
pos_seq101	1.78694957999018	8.46954259119161	0.210985370313696	0.832898687201931
pos_seq102	-0.187131446031508	8.4077895289762	-0.0222569137091964	0.982243018239037
pos_seq103	0.441477213390493	8.40357681142709	0.0525344413809817	0.958102852960157
pos_seq104	1.6999382030005	8.43555668248944	0.201520571431787	0.840291545692389
pos_seq105	2.93962908992865	8.46282214920015	0.347358013450216	0.728322372246506
pos_seq106	-1.00333871934909	8.40633682838926	-0.119355046060097	0.904994074680837
pos_seq107	-0.00480988923788462	8.40548145209468	-0.000572232449181834	0.999543424588525
pos_seq108	0.688337291322008	8.40522110289393	0.0818940136012618	0.934730994904621
pos_seq109	0.842487971148881	8.42876868188385	0.099953860753073	0.920380955713646
pos_seq110	0.806120326977996	8.40589365515194	0.0958994201031711	0.923600455149437
pos_seq111	1.19916291508819	8.41339222247115	0.142530252171696	0.886661185515329
pos_seq112	-1.58034624999657	8.41247195496305	-0.187857535627709	0.850988331665655
pos_seq113	0.400655218870421	8.40548145209059	0.0476659452708412	0.961982474974889
pos_seq114	0.46519374000764	8.41017936942719	0.0553131769934324	0.955888964515804
pos_seq115	0.46180964202357	8.40314493796781	0.0549567626683413	0.956172910095292
pos_seq116	-14.5708777949717	881.845814196187	-0.0165231580854679	0.98681702712831
pos_seq117	0.506015734527976	8.43215055767886	0.0600102822010413	0.952147445438785
pos_seq118	-0.00480988923671725	8.51849257510672	-0.000564640890898117	0.999549481774693
pos_seq119	-0.00480988923741319	8.51849257510992	-0.000564640890979602	0.999549481774628
pos_seq120	-0.00480988923924002	8.51849257510426	-0.000564640891194432	0.999549481774457
pos_seq121	1.09380239943053	8.41635684438567	0.12996150468123	0.89659688314083
pos_seq122	-1.8611078796036	8.40115772278527	-0.221529929685284	0.824679834929109
pos_seq123	0.534186611494828	8.41395699288985	0.0634881556853972	0.949377790610886
pos_seq124	-14.5708776699804	156.108900853599	-0.0933379044391912	0.925635120117181
pos_seq125	-0.00480988923741663	8.51849257509813	-0.000564640890980787	0.999549481774627
pos_seq126	-0.985639142249754	8.42771156738333	-0.116952168375618	0.906897957380161
pos_seq127	-0.784134766038792	8.40061219948675	-0.0933425740193911	0.925631410526203
pos_seq128	0.0752328184356776	8.41004626620478	0.00894558912689883	0.992862547742551
pos_seq129	-1.00625842945246	8.40504398999158	-0.119720780837159	0.904704338031878
pos_seq130	-0.00480988923731265	8.44003633138458	-0.000569889636544206	0.999545293882253
pos_seq131	-1.61424780167285	8.47150602112747	-0.190550274962563	0.848877951060705
pos_seq132	-1.76839848150003	8.40343191385982	-0.210437652095854	0.833326108391123
pos_seq133	-1.55896602426632	8.40113801721199	-0.185566053202835	0.852785076755101
pos_seq134	-0.481547550664978	8.40105377590383	-0.0573198986115489	0.954290369611502
pos_seq135	-0.532337362622013	8.40103047349088	-0.0633657221339432	0.949475282150801
pos_seq136	-2.34513531021475	8.40303741250796	-0.279081859938408	0.780182003950996
pos_seq137	-0.764068094909562	8.40116068537935	-0.0909479205937913	0.92753397281377
pos_seq138	-0.936368093243621	8.40689957639633	-0.111380906210967	0.911314300479479
pos_seq139	-0.901556025038725	8.40143252952272	-0.107309797688745	0.914543211995798
pos_seq140	-0.561097887080497	8.40161994904474	-0.0667844880491521	0.946753272580267
pos_seq141	-0.33954639099077	8.40068805137874	-0.0404188786578074	0.967759179554391
pos_seq142	-0.51563551300351	8.43215055767921	-0.0611511273993936	0.951238851528337
pos_seq143	-0.0693484103752161	8.40820161889956	-0.00824771021419587	0.993419353965973
pos_seq144	-0.697957069797947	8.43017796167543	-0.0827926851569375	0.934016385558742
pos_seq145	-1.61424780167263	8.41477584267871	-0.191834914185754	0.847871521282099
pos_seq146	-14.5708776873169	360.093704668417	-0.0404641278045505	0.967723105470739
pos_seq147	0.0917280378047111	8.40129908953035	0.0109183159446165	0.991288617358273
pos_seq148	-0.623849097644434	8.41357686312626	-0.074147904962816	0.940892697492786
pos_seq149	-1.10342217790714	8.4400363313885	-0.130736662092735	0.895983629082215
pos_seq150	0.554805898697459	8.42383434594019	0.0658614445528412	0.947488136693676
pos_seq151	-0.387802141493931	8.40719008940882	-0.0461274382248684	0.963208676738521
pos_seq152	-0.605583749666251	8.40188574608364	-0.0720771226802901	0.942540532319488
pos_seq153	-0.0827714307076155	8.40207833335046	-0.00985130433491318	0.992139923501984
pos_seq154	0.719108949988832	8.40163574763255	0.0855915409319508	0.931791123141051
pos_seq155	0.762445263476099	8.40387774455491	0.0907254111317965	0.927710778731665
pos_seq156	-0.894667364043822	8.4041755822037	-0.106455101430571	0.915221276783512
pos_seq157	-0.170863028480305	8.40069196237636	-0.0203391612554702	0.983772816076539
pos_seq158	-0.361484833176777	8.41494524992361	-0.0429574789188388	0.96573542944923
pos_seq159	-0.424981144735708	8.4016268263904	-0.0505831969828506	0.959657652548374
pos_seq160	1.28911115175065	8.40498396567796	0.153374611660746	0.878102864947007
pos_seq161	1.01410469779771	8.40103549698393	0.120711869169198	0.903919257509165
pos_seq162	-14.5708776917509	394.444999829458	-0.0369402012905495	0.970532685613487
pos_seq163	-0.00480988923955779	8.51849257509867	-0.000564640891232106	0.999549481774427
pos_seq164	-14.5708777954521	881.84581450905	-0.0165231580801505	0.986817027132552
pos_seq165	-0.410274997346303	8.42524445109421	-0.0486959161514916	0.961161630455617
pos_seq166	0.688337291323536	8.4449612006286	0.08150863869834	0.935037455052032
pos_seq167	1.38148447188133	8.474450313074	0.163017590621782	0.870504584624041
pos_seq168	-0.51563551300397	8.41635684438495	-0.0612658805392718	0.951147463122678
pos_seq169	-0.00480988924014672	8.51849257510131	-0.000564640891301067	0.999549481774372
pos_seq170	0.554805898697336	8.42383434594057	0.0658614445528236	0.94748813669369
pos_seq171	-14.5708777931446	881.845814346941	-0.0165231580805712	0.986817027132217
pos_seq172	-1.90192987412488	8.42327023778688	-0.225794711606521	0.821361090398324
pos_seq173	1.04970707956534	8.40147555038177	0.124943180905602	0.900568532777293
pos_seq174	-0.807156361763274	8.40185669347082	-0.0960688085040208	0.923465923904156
pos_seq175	0.572077485206455	8.4016644803067	0.0680909701342384	0.945713218464025
pos_seq176	-0.394866371993345	8.40144718861725	-0.046999804096648	0.96251338366587
pos_seq177	-0.481733961328322	8.40320686474442	-0.0573273952530471	0.954284397976455
pos_seq178	-0.75988802752805	8.40101846322748	-0.0904518935238856	0.927928120588709
pos_seq179	1.8669922876637	8.43472941022904	0.221345842511503	0.824823157910317
pos_seq180	-0.157150613819872	8.4019307231642	-0.0187041073055513	0.985077151672945
pos_seq181	0.394346049676844	8.40240568257157	0.0469325172545291	0.962567011618891
pos_seq182	-0.49950613107387	8.40091586614464	-0.0594585327400861	0.952586893091316
pos_seq183	-1.47316920341192	8.40245617022	-0.175326020578736	0.860823466960767
pos_seq184	1.05124278501182	8.41053402551081	0.124991205293647	0.900530512896042
pos_seq185	0.7439071424766	8.40303264460719	0.0885284127694085	0.929456702863992
pos_seq186	1.38148447188222	8.47445031307549	0.163017590621859	0.870504584623981
pos_seq187	-0.890603649989553	8.4008407097143	-0.106013633725932	0.915571534997627
pos_seq188	-0.0704071717237174	8.40072837823486	-0.0083810794199861	0.99331294441393
pos_seq189	0.530113286107327	8.40283023036132	0.0630874683379784	0.949696853238417
pos_seq190	0.602505855472234	8.40093062303156	0.0717189419253666	0.942825581503117
pos_seq191	1.17384510710352	8.41992820690003	0.139412721612231	0.889124020136163
pos_seq192	-0.100120069042288	8.41186458523634	-0.011902244505696	0.99050360708579
pos_seq193	-0.221722890801408	8.40086636753493	-0.0263928601052689	0.978943988978399
pos_seq194	-0.147259054784389	8.40089467325045	-0.0175289728668163	0.986014619389241
pos_seq195	0.378938078149789	8.40074104160058	0.0451076966035833	0.964021466666193
pos_seq196	0.124401842242249	8.401815961431	0.0148065421586622	0.988186520266431
pos_seq197	-0.0289074408170204	8.40094239347083	-0.00344097595996934	0.997254503825371
pos_seq198	0.734007328155438	8.40135362878732	0.0873677457928154	0.93037920644524
pos_seq199	0.755476594159299	8.40295425894264	0.0899060700414145	0.928361857494299
pos_seq200	0.370151764576823	8.40096353756356	0.0440606322026931	0.964856073241743
pos_seq201	0.727440017335707	8.40107300111553	0.0865889413458394	0.930998256411068
pos_seq202	0.28230254491897	8.40077025498648	0.0336043644035382	0.97319264194471
pos_seq203	-0.69795706979754	8.4132510239384	-0.0829592588895336	0.933883934596233
pos_seq204	0.297470982635106	8.4066073195814	0.0353853785869373	0.971772443608468
pos_seq205	0.192358175673087	8.40191997680481	0.0228945498414803	0.981734387854022
pos_seq206	0.742404512592013	8.41025309236399	0.0882737421143809	0.929659108226346
pos_seq207	-0.515635513003924	8.4034126368323	-0.0613602515178042	0.951072307374999
pos_seq208	0.362914890887171	8.40425529269686	0.0431822782921096	0.965556231784627
pos_seq209	1.09380239943047	8.47935519444765	0.128995940652032	0.897360860883535
pos_seq210	0.484558107189613	8.40106863167722	0.057678151248822	0.954004997494783
pos_seq211	-0.00480988923816539	8.42425740227271	-0.000570957059890854	0.999544442201783
pos_seq212	0.320612511196773	8.40839814697752	0.0381300344717882	0.969584004670819
pos_seq213	-0.481733961328225	8.40097906789291	-0.0573425975038229	0.954272288255792
pos_seq214	-1.79656935846547	8.46954259119151	-0.212121178814773	0.83201249734414
pos_seq215	-1.69940561001187	8.408341220289	-0.202109496449938	0.839831123972699
pos_seq216	0.976019363773608	8.42771156738475	0.115810722278489	0.907802552549717
pos_seq217	-0.0771010004266855	8.40067911006844	-0.00917794852255193	0.992677159380418
pos_seq218	0.582976775664076	8.41899118746675	0.0692454431514249	0.944794251487617
pos_seq219	1.20502803454081	8.40280100096117	0.143407898676045	0.88596804521271
pos_seq220	1.09380239943071	8.44003633138702	0.129596882819455	0.896885369598331
pos_seq221	-1.10342217790593	8.42688927554367	-0.130940628484137	0.895822274470145
pos_seq222	0.582976775664456	8.41899118746225	0.069245443151507	0.944794251487551
pos_seq223	-0.561824895473221	8.4022318346263	-0.0668661501528551	0.946688260969396
pos_seq224	1.00992091544958	8.40332345231339	0.120181130856216	0.904339664823191
pos_seq225	0.527994641246693	8.40227872218105	0.0628394580452144	0.949894344965315
pos_seq226	-1.6142478016719	8.41833267897633	-0.191753861866646	0.84793501309485
pos_seq227	-0.0832815046794138	8.40286586443373	-0.00991108343546385	0.992092229009057
pos_seq228	1.78694957998707	8.4695425911881	0.210985370313415	0.83289868720215
pos_seq229	0.125243239010343	8.40363131617348	0.0149034666441521	0.988109194248207
pos_seq230	0.819365553728285	8.40395048310212	0.0974976655771341	0.922331187999509
pos_seq231	0.652261234848229	8.401243497333	0.0776386537368297	0.93811549392862
pos_seq232	-0.29249196169037	8.4351085867518	-0.0346755419544638	0.972338463888647
pos_seq233	0.28287218321404	8.43510858675034	0.033535096828317	0.973247878341074
pos_seq234	1.78694957999077	8.46954259119839	0.210985370313597	0.832898687202008
pos_seq235	0.87065884811628	8.41734481965273	0.103436281484332	0.917616718104412
pos_seq236	-14.570877729954	623.587440829697	-0.0233662142242107	0.981358154787197
pos_seq237	0.653765947256787	8.40140849012943	0.077816231412254	0.93797423480081
pos_seq238	1.78694957999039	8.41783876380865	0.212281279094241	0.831887599727958
pos_seq239	-0.00480988923773335	8.45971860609619	-0.000568563738546489	0.999546351795623
pos_seq240	0.950701555789293	8.41696484289022	0.112950638803291	0.91006968921075
pos_seq241	0.0550882523431576	8.40195719599384	0.00655659759483473	0.994768629489584
pos_seq242	0.465193740007742	8.40228806706422	0.0553651262959236	0.955847578388836
pos_seq243	0.847401985952152	8.40199405736094	0.10085724652587	0.919663782314854
pos_seq244	-0.419753741300632	8.40335056208149	-0.049950759307209	0.96016162768028
pos_seq245	-0.515635513003887	8.40505745070081	-0.0613482437244844	0.951081870192084
pos_seq246	0.20676009668229	8.40082784808214	0.0246118716418516	0.980364549967928
pos_seq247	1.86699228766437	8.43472941023239	0.221345842511494	0.824823157910323
pos_seq248	0.856960003757509	8.40139545830568	0.102002102866175	0.918755005946058
pos_seq249	0.646952075159176	8.40297484733961	0.0769908379963795	0.938630833553846
pos_seq250	0.572284495971567	8.40076704857798	0.0681228860010395	0.94568781227902
pos_seq251	0.194803164666246	8.40178962156671	0.0231859131733318	0.981501975247343
pos_seq252	-0.043031102058119	8.40204706824906	-0.00512150214210671	0.995913650376714
pos_seq253	0.887465966431973	8.40124297174491	0.105635079168249	0.915871891301218
pos_seq254	1.25202640464508	8.40271299188138	0.149002638297271	0.881551551146398
pos_seq255	-0.169112940529246	8.40445353300838	-0.0201218246808144	0.983946190091345
pos_seq256	1.71497608036542	8.40636735611193	0.204009176343992	0.838346328028788
pos_seq257	1.00864459109007	8.4021853437595	0.120045505999129	0.904447100005723
pos_seq258	1.57759935080885	8.40530527146283	0.187690904715266	0.851118960546064
pos_seq259	0.249320649042946	8.40106874454188	0.0296772537666624	0.976324452794726
pos_seq260	0.941786192131548	8.40370368350772	0.112067991400007	0.910769496675176
pos_seq261	-0.501842190871527	8.40184189467404	-0.0597300207695705	0.952370661297139
pos_seq262	0.825393537789948	8.40101527101059	0.0982492604957089	0.921734367424786
pos_seq263	-0.152193394670498	8.40100830912844	-0.0181160866732064	0.985546244748183
pos_seq264	-0.495245557300873	8.40141195989948	-0.0589478958613997	0.952993608969885
pos_seq265	0.804409462574725	8.40185388835381	0.0957419009261461	0.923725561609656
pos_seq266	0.400655218870171	8.41701550745144	0.0476006273857376	0.962034532016546
pos_seq267	0.684470951239063	8.40063178933839	0.081478508807844	0.935061415531034
pos_seq268	1.22163577094067	8.40402433959066	0.145363188108065	0.884424127541607
pos_seq269	-0.386558470728578	8.40092381813147	-0.0460138050406172	0.963299246733255
pos_seq270	0.737127455491436	8.40929650256127	0.0876562570087669	0.930149887586642
pos_seq271	-2.40270516203678	8.43286775092013	-0.284921480213492	0.7757042989355
pos_seq272	-0.985639142249787	8.41413347587117	-0.117140896929703	0.906748401745557
pos_seq273	-0.697957069797919	8.41166237716419	-0.0829749267746075	0.933871476384795
pos_seq274	-1.20878269356438	8.42623138429427	-0.143454723521769	0.885931066724998
pos_seq275	-1.27777556505026	8.40270526787744	-0.152067164599364	0.879133961830124
pos_seq276	-1.46009712184533	8.41099152510506	-0.173593935683711	0.862184598283246
pos_seq277	-1.10342217790716	8.42688927554601	-0.130940628484247	0.895822274470059
pos_seq278	-0.857587215389744	8.40379084418252	-0.102047662928618	0.918718842977832
pos_seq279	-1.48071640904777	8.40964966043177	-0.176073495191445	0.860236203371321
pos_seq280	0.688337291321971	8.40943776749001	0.0818529502629783	0.934763649079808
pos_seq281	-1.32114566175129	8.40256881394736	-0.157231162398614	0.875062669691944
pos_seq282	-0.469115497369124	8.40141272631523	-0.0558376921419112	0.955471107782437
pos_seq283	-0.26717415370554	8.41103498272787	-0.0317647179276016	0.974659683444137
pos_seq284	-0.422853779553158	8.40178011076892	-0.050329070027811	0.959860158585508
pos_seq285	-0.697957069798646	8.48915645534038	-0.0822174822045568	0.934473771721156
pos_seq286	-1.00498210509316	8.40307179175667	-0.119596991433423	0.904802403106691
pos_seq287	-1.03173024944957	8.40205524339231	-0.122794985222332	0.902269445420356
pos_seq288	-0.0928432387231959	8.40123145915202	-0.0110511463914086	0.991182640389664
pos_seq289	0.668134584004705	8.40412053368767	0.0795008331123414	0.936634268984281
pos_seq290	-0.697957069797919	8.4021241886207	-0.0830691208710278	0.933796578936057
pos_seq291	-0.559120624943617	8.40399618403366	-0.0665303282747632	0.946955612720115
pos_seq292	0.218333662075103	8.42721820191171	0.025908153419544	0.979330596742404
pos_seq293	0.155963331349748	8.40181202031442	0.0185630588940398	0.985189672486828
pos_seq294	0.506015734527943	8.4050574507007	0.0602037210924427	0.951993382089648
pos_seq295	0.481780763682498	8.400871121148	0.0573489054569214	0.954267263506233
pos_seq296	-0.921100621112199	8.4420066238453	-0.109109203789352	0.913115874907358
pos_seq297	-0.00480988923848818	8.42425740226915	-0.000570957059929412	0.999544442201752
pos_seq298	-0.379503338679189	8.40964002904759	-0.0451271799230827	0.964005937040341
pos_seq299	-0.90767760078023	8.40609640709076	-0.107978490469676	0.914012754554337
pos_seq300	0.157709040260046	8.40699438076298	0.0187592655730707	0.985033149463235
pos_seq301	0.439684562775875	8.40126082259226	0.0523355448736333	0.958261331399919
pos_seq302	1.09380239942982	8.42688927554042	0.129799071005317	0.896725397927865
pos_seq303	0.506015734528121	8.43215055768182	0.0600102822010375	0.952147445438788
pos_seq304	-1.4920801676981	8.40235363933562	-0.177578834662817	0.859053747828533
pos_seq305	-14.5708776778517	266.007125590508	-0.0547762682879487	0.956316707172901
pos_seq306	-2.08425143091839	8.42277661215788	-0.247454197931579	0.80455673413202
pos_seq307	0.688337291321555	8.48915645533665	0.0810842979444485	0.935374912991695
pos_seq308	-0.981132600147564	8.40082755794787	-0.116789994007118	0.907026473112387
pos_seq309	-14.5708777078676	509.180110875658	-0.0286163528320254	0.977170569751541
pos_seq310	-0.470173138927466	8.4041136877914	-0.0559455947877625	0.955385148295575
pos_seq311	-0.410274997346024	8.44988319947139	-0.0485539252627409	0.961274788939333
pos_seq312	-1.61424780167148	8.43609436595014	-0.191350135696315	0.848251284084615
pos_seq313	-1.48071640904748	8.40964966043263	-0.176073495191393	0.860236203371362
pos_seq314	-1.53952425547672	8.4034207021699	-0.183202092343085	0.854639452700524
pos_seq315	-0.316246047697555	8.40251192083561	-0.0376370840859343	0.969977040032627
pos_seq316	-0.317682210518248	8.40263176361282	-0.037807465500744	0.969841192020683
pos_seq317	-1.83739135298582	8.40914110839827	-0.218499288964339	0.827040112260059
pos_seq318	-0.904751483110311	8.40279104590532	-0.107672733758052	0.914255299051709
pos_seq319	-1.39110425035807	8.47445031307729	-0.164152741353783	0.869610903286025
pos_seq320	-0.596174375487758	8.40350943607922	-0.0709435004532953	0.943442722217073
pos_seq321	-0.75511548363763	8.40567543252065	-0.0898340043818692	0.928419125836386
pos_seq322	0.0993938882920864	8.40118607020581	0.0118309352347973	0.990560499646239
pos_seq323	-14.5708777942672	881.845814463231	-0.0165231580796654	0.986817027132939
pos_seq324	-14.570877796025	881.845814590422	-0.0165231580792755	0.98681702713325
pos_seq325	-14.5708777299011	623.587440713021	-0.0233662142284977	0.981358154783777
pos_seq326	-0.00480988923782487	8.51849257511521	-0.000564640891027579	0.99954948177459
pos_seq327	-14.5708777945639	881.845814488165	-0.0165231580795347	0.986817027133044
pos_seq328	-0.0870479874747542	8.40379275810855	-0.0103581787390895	0.991735516891612
pos_seq329	-0.410274997345675	8.44988319947056	-0.0485539252627044	0.961274788939362
pos_seq330	-0.00480988923829514	8.4597186060967	-0.000568563738612863	0.99954635179557
pos_seq331	-0.158960569064955	8.41889711797939	-0.0188814005964604	0.984935717070845
pos_seq332	-0.306394866858487	8.40135998801549	-0.036469674825928	0.970907858600091
pos_seq333	-0.174708926033244	8.40104039945996	-0.0207961059256987	0.983408304089654
pos_seq334	-0.000793819582996483	8.40077196395697	-0.0000944936472984055	0.999924604977839
pos_seq335	1.55333472880876	8.40652276824303	0.184777317760529	0.853403699298868
pos_seq336	-1.13694486994448	8.40142587736776	-0.135327608258409	0.892352857621372
pos_seq337	-0.0742822620527245	8.40094638131989	-0.00884213024117098	0.992945092725365
pos_seq338	1.03664398559037	8.40722711485584	0.123303911197853	0.901866443781671
pos_seq339	0.088478045185677	8.40078564982839	0.0105321155512978	0.991596742965171
pos_seq340	0.609556413469003	8.40192006040618	0.0725496563983655	0.942164489457952
pos_seq341	0.388053791992362	8.40062242780859	0.0461934571309605	0.963156057362851
pos_seq342	0.236352167578719	8.41016973865402	0.0281031388097222	0.97757989065541
pos_seq343	-0.0918212662275195	8.41087596623641	-0.0109169682915448	0.991289692565771
pos_seq344	0.595963971191412	8.4059413661678	0.0708979453021223	0.943478978673669
pos_seq345	2.34656536792558	8.43299581472156	0.278259994369873	0.780812783679454
pos_seq346	0.149340790589552	8.41889711798105	0.0177387594237956	0.985847259957171
pos_seq347	1.33019117749491	8.41552477524984	0.158063960717818	0.874406398739195
pos_seq348	0.886163034651854	8.40576682559882	0.105423223489039	0.916039989063589
pos_seq349	1.78694957998877	8.46954259118783	0.210985370313624	0.832898687201987
pos_seq350	0.0417101263969364	8.4060596013381	0.00496191180827422	0.996040983421659
pos_seq351	1.23690324307015	8.40641997738166	0.147137931057236	0.883023151031203
pos_seq352	-0.187131446031867	8.40778952898259	-0.0222569137092221	0.982243018239017
pos_seq353	0.875113198465619	8.40203385774308	0.104154924067479	0.917046404727448
pos_seq354	-0.292491961689998	8.40919055231224	-0.0347824157236599	0.972253242366713
pos_seq355	-0.556878471537694	8.40545778431154	-0.0662520098045208	0.94717718985883
pos_seq356	0.641817275687481	8.40875710555167	0.076327246420727	0.939158749558025
pos_seq357	-0.00480988923811231	8.5184925751062	-0.00056464089106192	0.999549481774563
pos_seq358	0.177511667556029	8.40133997947255	0.0211289708534296	0.983142774651157
pos_seq359	1.82777157451027	8.41773997729626	0.217133289866403	0.828104471223958
pos_seq360	-0.910518511781415	8.40492196833103	-0.108331584185096	0.913732669480922
pos_seq361	-1.24450077616727	8.40227386101777	-0.14811475997481	0.882252201150195
pos_seq362	-14.5708776726882	208.013311650067	-0.0700478135610869	0.944155603352837
pos_seq363	-0.31496481754184	8.40988723102141	-0.0374517290053587	0.970124827793242
pos_seq364	-2.23840211074392	8.42242400470599	-0.265766970351199	0.790418682479598
pos_seq365	-1.01641080091574	8.42075693325569	-0.120703020995854	0.903926266085148
pos_seq366	-0.993201568005459	8.40064342135679	-0.118229225809116	0.905886033505174
pos_seq367	-1.07525130093946	8.40717724380713	-0.12789682788376	0.898230621412823
pos_seq368	-0.474813518483138	8.41017936942884	-0.0564570025948667	0.95497774781949
pos_seq369	-1.10342217790613	8.47935519444831	-0.130130434756238	0.896463231390212
pos_seq370	-3.18286371958547	8.43141088826015	-0.377500724584218	0.705801526009726
pos_seq371	-14.5708776801615	294.055278665497	-0.0495514916320772	0.960479803178085
pos_seq372	-14.5708777299895	623.587440802185	-0.0233662142252986	0.981358154786329
pos_seq373	-1.58034624999616	8.41247195496676	-0.187857535627577	0.850988331665759
pos_seq374	-3.69368934335209	8.46119293101362	-0.436544748886798	0.662441539525845
pos_seq375	-1.10342217790573	8.47935519444867	-0.130130434756186	0.896463231390254
pos_seq376	-14.5708776731351	208.013311662913	-0.0700478135589096	0.94415560335457
pos_seq377	-3.37897859851195	8.41281000505453	-0.401646845284966	0.687943948865437
pos_seq378	-14.5708776733284	214.03423476047	-0.068077322721923	0.94572408231498
pos_seq379	-2.79801789868059	8.42151723204994	-0.332246295006334	0.739703288930049
pos_seq380	-14.5708777950344	881.845814289861	-0.0165231580837838	0.986817027129654
pos_seq381	0.688337291321746	8.41833267897424	0.081766463451955	0.934832425032675
pos_seq382	-1.10342217790554	8.44003633138513	-0.130736662092597	0.895983629082324
pos_seq383	-14.5708777297311	623.587440683272	-0.0233662142293398	0.981358154783106
pos_seq384	-14.5708776786228	278.977979533142	-0.0522294903096171	0.958345835126303
pos_seq385	-2.48971653902608	8.46463202384594	-0.294131691963955	0.768657274735094
pos_seq386	-3.1828637195868	8.4621756715874	-0.37612829644669	0.706821518767007
pos_seq387	-14.5708777081506	509.180110777266	-0.0286163528381109	0.977170569746687
pos_seq388	-1.10342217790616	8.47935519444912	-0.13013043475623	0.896463231390219
pos_seq389	-14.5708777080452	509.180110800475	-0.0286163528365995	0.977170569747893
pos_seq390	-14.5708777310297	623.587440852808	-0.0233662142250697	0.981358154786512
pos_seq391	0.688337291321525	8.4891564553334	0.081084297944476	0.935374912991673
pos_seq392	-14.5708777937174	881.845814291971	-0.0165231580822508	0.986817027130877
pos_seq393	0.400655218870296	8.42524445109456	0.0475541358112458	0.962071584965634
pos_seq394	-14.5708777958586	881.845814735147	-0.0165231580763751	0.986817027135564
pos_seq395	-14.5708776918688	394.444999836054	-0.0369402012902306	0.970532685613741
pos_seq396	0.0905002905663499	8.40620092065808	0.0107658966780043	0.991410223190085
pos_seq397	0.688337291322012	8.48915645534908	0.0810842979443836	0.935374912991747
pos_seq398	-1.79656935846566	8.46954259119103	-0.212121178814807	0.832012497344113
pos_seq399	-1.43074908170468	8.40161667555108	-0.170294496518533	0.864778539189055
pos_seq400	-1.5298304598594	8.40077941601348	-0.182105776631065	0.855499715439902
pos_seq401	-0.774737131836584	8.40081648074312	-0.0922216469806816	0.92652193952827
pos_seq402	-0.803782593601959	8.40093393217997	-0.0956777663163201	0.923776499783215
pos_seq403	-2.55890432328925	8.40165638479161	-0.304571409028497	0.760692598303599
pos_seq404	-1.29632584403074	8.40133891212919	-0.154299910715328	0.877373267712323
pos_seq405	-0.138341281862834	8.40450975058191	-0.0164603630632062	0.986867123494038
pos_seq406	-1.22887648405909	8.40091391068101	-0.146278904548312	0.883701218448858
pos_seq407	-0.621971162819947	8.40109094946847	-0.0740345708147939	0.940982877198386
pos_seq408	-0.610267036521525	8.40061908289077	-0.0726454836839862	0.942088231566362
pos_seq409	-0.00480988923916641	8.51849257510463	-0.000564640891185766	0.999549481774464
pos_seq410	-0.195865126000411	8.40623981465751	-0.023299968870611	0.981410996545688
pos_seq411	-14.5708777299533	623.58744087123	-0.0233662142226533	0.981358154788439
pos_seq412	0.439121499698015	8.40340045583823	0.0522552152555026	0.95832533757985
pos_seq413	-0.187131446032457	8.41141522736685	-0.0222473199781671	0.982250671034005
pos_seq414	-0.341282125859298	8.40460515897865	-0.0406065626408049	0.967609552242861
pos_seq415	-14.570877708443	509.180110833234	-0.0286163528355396	0.977170569748738
pos_seq416	-0.256124317518846	8.41560402347164	-0.03043445447344	0.975720566878878
pos_seq417	-0.536469599906796	8.40218757458262	-0.0638488007015774	0.94909062016021
pos_seq418	0.300571760313164	8.40789859534873	0.0357487375596372	0.971482708413457
pos_seq419	1.44210909369895	8.41885561640069	0.171295145018236	0.863991697760241
pos_seq420	0.57207748520614	8.40279537074174	0.0680818061092021	0.945720513369802
pos_seq421	-0.852107749624785	8.42876868188348	-0.101095163692922	0.919474917192206
pos_seq422	0.688337291322108	8.48915645534192	0.0810842979444633	0.935374912991684
pos_seq423	-1.10342217790602	8.47935519444403	-0.130130434756291	0.896463231390171
pos_seq424	-14.5708777940162	881.845814375901	-0.016523158081017	0.986817027131861
pos_seq425	-14.570877730235	623.587440852927	-0.0233662142237909	0.981358154787532
pos_seq426	0.688337291322692	8.48915645534101	0.0810842979445408	0.935374912991622
pos_seq427	0.688337291321762	8.48915645533887	0.0810842979444517	0.935374912991693
pos_seq428	-1.3911042503571	8.47445031307346	-0.164152741353744	0.869610903286057
pos_seq429	-14.5708777076513	509.180110717883	-0.0286163528404676	0.977170569744808
pos_seq430	-1.25757285773335	8.43862869797666	-0.149025736614633	0.881533324842738
pos_seq431	-14.5708776924352	394.444999884973	-0.0369402012870852	0.970532685616249
pos_seq432	-0.6979570697984	8.48915645534237	-0.0822174822045085	0.934473771721195
pos_seq433	-0.00480988923837668	8.51849257510981	-0.000564640891092716	0.999549481774538
pos_seq434	-2.94924886840384	8.46282214919383	-0.348494723912494	0.727468675501028
pos_seq435	-14.5708777297262	623.587440745917	-0.0233662142269846	0.981358154784984
pos_seq436	-14.5708776749406	235.822179645342	-0.0617875625475689	0.950732008212045
pos_seq437	-0.892113084238829	8.40452534026352	-0.106146754054627	0.915465916281767
pos_seq438	-1.89187953826962	8.40736992576647	-0.225026322735185	0.821958796773087
pos_seq439	-1.14424417242643	8.40543198636292	-0.136131512845844	0.891717315763877
pos_seq440	-1.01033175483992	8.40593990107071	-0.120192597940324	0.904330581256835
pos_seq441	-1.95072003829266	8.41748594951305	-0.231746159125518	0.816735177369138
pos_seq442	-1.44916805131335	8.4021290354918	-0.172476290853408	0.863063099191772
pos_seq443	-1.39110425035784	8.4744503130756	-0.164152741353789	0.869610903286021
pos_seq444	-1.24157251638638	8.40904434636146	-0.147647278959065	0.882621140763239
pos_seq445	-1.31314270888747	8.40807465280735	-0.156176385571104	0.875893989901788
pos_seq446	-1.51858668310291	8.40180465462904	-0.180745297650574	0.856567501913317
pos_seq447	-2.28797689637579	8.40305034843871	-0.272279327327951	0.785407250360714
pos_seq448	-0.772065041951361	8.40722072114591	-0.0918335639754832	0.926830276530752
pos_seq449	-0.869807326724143	8.40317057110218	-0.103509421755086	0.917558672182975
pos_seq450	-1.79656935846515	8.43510858675449	-0.212987105025094	0.831337020630959
pos_seq451	-1.8407754509706	8.40092249382022	-0.219115871182562	0.826559787753731
pos_seq452	-1.24044397547017	8.40071212208948	-0.14765938380491	0.882611587204292
pos_seq453	-1.46256321433971	8.40324477957667	-0.174047436758517	0.861828181971319
pos_seq454	-0.588757777832517	8.40088790159399	-0.0700828037142129	0.944127753692888
pos_seq455	1.09380239942991	8.41635684438348	0.12996150468119	0.896596883140862
pos_seq456	-0.95389044393503	8.40739603072683	-0.113458488270186	0.909667072073477
pos_seq457	-1.06817623884441	8.40157105906343	-0.127140058845552	0.898829546335579
pos_seq458	-1.39404111003104	8.40140631617251	-0.165929495321223	0.86821243533079
pos_seq459	-0.727729228131478	8.40101814552334	-0.0866239324241031	0.930970442078938
pos_seq460	-0.506289650585271	8.402750923283	-0.0602528451941142	0.951954257752468
pos_seq461	-1.53218284861788	8.40272370773816	-0.182343594994903	0.855313088260798
pos_seq462	-0.0561031836254839	8.40256508032642	-0.0066769115251297	0.994672634963623
pos_seq463	-0.515635513003567	8.40844886315587	-0.0613234998981772	0.951101575807044
pos_seq464	-0.505585177150567	8.40172572573995	-0.0601763487234094	0.952015182554702
pos_seq465	-0.225481251406679	8.40185464483044	-0.0268370807325756	0.978589677712789
pos_seq466	-0.512844164366667	8.40086489264394	-0.0610465911451248	0.951322103853108
pos_seq467	-1.66303796584111	8.40642360083086	-0.19782942721049	0.843178521574492
pos_seq468	-1.5162673933118	8.40294959692046	-0.180444661225564	0.856803495118908
pos_seq469	0.363537555913919	8.40094025673442	0.0432734366397258	0.965483565871723
pos_seq470	-0.50124677555142	8.40735540496115	-0.0596200292966842	0.952458265671833
pos_seq471	-1.64574646873286	8.40195139914262	-0.195876694657006	0.844706678876777
pos_seq472	-1.0024094951841	8.40101163505901	-0.119320093665964	0.905021764779145
pos_seq473	0.911480842636144	8.42129556165718	0.108235227698953	0.913809101423864
pos_seq474	-0.435761141329473	8.40086337404397	-0.0518709949117656	0.958631485859193
pos_seq475	0.484738336080614	8.40557383212347	0.0576686786365609	0.954012542986423
pos_seq476	-0.592596554140003	8.40258630097124	-0.0705254945220266	0.943775409373299
pos_seq477	-2.12971380499506	8.40207952565196	-0.253474606910461	0.79990148132882
pos_seq478	-2.48971653902667	8.46463202385823	-0.294131691963598	0.768657274735367
pos_seq479	-3.71838195594514	8.46115697492816	-0.43946495342934	0.660324670975023
pos_seq480	-14.570877793107	881.845814091381	-0.016523158085317	0.98681702712843
pos_seq481	-0.852107749624567	8.42876868187594	-0.101095163692987	0.919474917192155
pos_seq482	-2.0489987383625	8.40093754994503	-0.243901198667511	0.807307340809387
pos_seq483	-14.5708776877662	360.093704777948	-0.04046412779349	0.967723105479557
pos_seq484	-2.36566389035558	8.41352276239885	-0.281174004892225	0.778576941793218
pos_seq485	-14.5708776917578	394.444999800259	-0.0369402012933013	0.970532685611293
pos_seq486	-14.5708776775415	266.007125562883	-0.0547762682924709	0.956316707169298
pos_seq487	-1.61424780167197	8.41070904506815	-0.191927671379683	0.847798861742325
pos_seq488	-2.04916011110728	8.4028463267432	-0.243864999004629	0.807335377638476
pos_seq489	-1.1724150493927	8.40238732086546	-0.139533564048073	0.88902853507746
pos_seq490	-0.890117075592009	8.40195532977417	-0.105941657704092	0.915628641960445
pos_seq491	-3.04336215997523	8.40830969662438	-0.36194696315682	0.717391664272202
pos_seq492	-0.71255586921903	8.40118532484214	-0.0848161112589692	0.932407584762876
pos_seq493	-1.10342217790585	8.42030804993831	-0.131042970323862	0.895741315069616
pos_seq494	-1.57089736079766	8.40270887306936	-0.186951301601365	0.851698815351805
pos_seq495	-0.793267249602313	8.40485186656887	-0.0943820619560961	0.924805664676892
pos_seq496	-0.528397764617674	8.40096727021907	-0.0628972530926068	0.949848322230067
pos_seq497	-14.5708777293491	623.587440666746	-0.0233662142293466	0.9813581547831
pos_seq498	-0.793267249602136	8.41779386098892	-0.0942369536130388	0.924920930637804
pos_seq499	-0.852107749625251	8.42876868188479	-0.101095163692962	0.919474917192175
pos_seq500	-0.187131446032072	8.4222829575934	-0.0222186130499637	0.982273570188525
pos_seq501	-14.5708776816096	311.878580854737	-0.0467197126576521	0.962736619071057
pos_seq502	-0.105906006109394	8.40293897387571	-0.0126034482029026	0.989944169489658
pos_seq503	0.911480842636522	8.44200662384836	0.107969690530877	0.914019735079918
pos_seq504	-14.5708776801958	294.05527867925	-0.0495514916298762	0.960479803179839
pos_seq505	-1.61424780167228	8.47150602112581	-0.190550274962533	0.848877951060728
pos_seq506	0.120353253716584	8.40798345616675	0.0143141639542965	0.988579339587985
pos_seq507	-1.60419746581768	8.40410229850087	-0.190882667635285	0.848617519715627
pos_seq508	-1.72134593722903	8.40357923148924	-0.204834855460032	0.837701153634806
pos_seq509	-1.35406297867739	8.40189337105069	-0.161161647604682	0.871966086979429
pos_seq510	-1.13082115209421	8.40708558813426	-0.134508105126258	0.893000802368576
pos_seq511	-2.33695378447457	8.4070469159653	-0.277975584986519	0.781031100777186
pos_seq512	-0.986725508461707	8.40124333892701	-0.117449937902612	0.906503513148199
pos_seq513	-0.410274997347263	8.44988319947646	-0.0485539252628584	0.961274788939239
pos_seq514	-0.95781663664944	8.40120247328519	-0.11400946944145	0.909230286864105
pos_seq515	-0.831488462422426	8.40459809172834	-0.0989325668339528	0.921191811144967
pos_seq516	-0.32154688173762	8.4007755644828	-0.0382758567074535	0.969467740233368
pos_seq517	-1.14994219354122	8.40612383768871	-0.136798150460914	0.891190345618618
pos_seq518	-0.387802141494037	8.40386242260332	-0.0461457032484243	0.963194118860298
pos_seq519	-0.745585118786396	8.40267241511915	-0.0887319036078147	0.92929497711763
pos_seq520	-0.00480988923793425	8.40343018990025	-0.000572372130099333	0.999543313139296
pos_seq521	-0.490317705019571	8.41251783963431	-0.0582842989894789	0.953522173844506
pos_seq522	2.13525627425733	8.41158968680128	0.253846936638836	0.799613810584665
pos_seq523	-0.323263620356574	8.40480689437204	-0.0384617546148545	0.969319524302714
pos_seq524	0.649116578168976	8.40747505909323	0.0772070774645849	0.938458811452723
pos_seq525	-1.29092612620716	8.40107879128836	-0.153661947266321	0.877876290040585
pos_seq526	0.270293401007186	8.40111398850361	0.0321735190567662	0.974333673974419
pos_seq527	-0.896194081897919	8.40098128809869	-0.106677309609952	0.915044984176451
pos_seq528	0.115393199457888	8.40070798474205	0.0137361279153463	0.989040500254161
pos_seq529	-0.851633028513944	8.4008153603717	-0.101375044204788	0.919252746240172
pos_seq530	-1.08094932205388	8.40129189385	-0.128664654878278	0.897623004206329
pos_seq531	0.446325255703471	8.40144200312104	0.0531248392285118	0.957632440551623
pos_seq532	0.37818236301803	8.40719008940833	0.0449832059220925	0.964120695135889
pos_seq533	-0.00383380326487129	8.40064938347622	-0.000456369869740337	0.999635869539558
pos_seq534	0.459802891372865	8.401573323282	0.0547281888379981	0.956355011566073
pos_seq535	-0.854743665483967	8.4007292345984	-0.101746365299301	0.918957998897027
pos_seq536	-14.5708776976909	440.982913994369	-0.0330418191619029	0.97364123896525
pos_seq537	-14.5708777953374	881.845814475319	-0.0165231580806524	0.986817027132152
pos_seq538	-0.892113084238812	8.41250346282756	-0.106046088204398	0.915545785221667
pos_seq539	-14.5708777945447	881.845814275547	-0.0165231580834967	0.986817027129883
pos_seq540	-1.10342217790604	8.44003633138441	-0.130736662092667	0.895983629082268
pos_seq541	-14.5708777953951	881.845814533671	-0.0165231580796245	0.986817027132972
pos_seq542	-14.5708777947011	881.845814351473	-0.0165231580822514	0.986817027130876
pos_seq543	-0.227953440552586	8.41388639866625	-0.02709252653907	0.978385935532219
pos_seq544	0.362914890887381	8.411694062512	0.0431440906184127	0.965586672769971
pos_seq545	0.331662347383449	8.41070904507133	0.0394333397584123	0.968544899289238
pos_seq546	-0.187131446031672	8.42228295759337	-0.0222186130499163	0.982273570188563
pos_seq547	-0.00480988923912675	8.51849257510529	-0.000564640891181067	0.999549481774468
pos_seq548	-1.10342217790654	8.47935519444945	-0.13013043475627	0.896463231390188
pos_seq549	-1.61424780167234	8.4715060211183	-0.190550274962709	0.84887795106059
pos_seq550	-14.5708777296534	623.587440689402	-0.0233662142289855	0.981358154783388
pos_seq551	-14.570877794544	881.845814470362	-0.0165231580798456	0.986817027132796
pos_seq552	1.09380239943025	8.47935519444978	0.128995940651974	0.897360860883581
pos_seq553	0.688337291322089	8.4183326789782	0.0817664634519573	0.934832425032674
pos_seq554	-0.697957069799163	8.48915645533538	-0.0822174822046661	0.934473771721069
pos_seq555	1.69993820299967	8.41806327429442	0.201939347283198	0.83996414100952
pos_seq556	-14.5708777947303	881.84581464313	-0.0165231580768197	0.986817027135209
pos_seq557	0.688337291320992	8.48915645533179	0.0810842979444286	0.935374912991711
pos_seq558	-0.535438140300146	8.40524866965926	-0.0637028315691523	0.949206850062584
pos_seq559	0.465193740007393	8.4198142506457	0.055249881548363	0.955939389864159
pos_seq560	0.688337291321206	8.48915645533392	0.0810842979444335	0.935374912991707
pos_seq561	-14.5708776916108	394.444999786843	-0.036940201294185	0.970532685610588
pos_seq562	-1.10342217790629	8.42688927554503	-0.130940628484159	0.895822274470128
pos_seq563	-0.00480988923969471	8.5184925751073	-0.000564640891247607	0.999549481774415
pos_seq564	0.0250430739118034	8.40407936949037	0.00297987118050291	0.997622410310583
pos_seq565	-0.353116583506372	8.40222191121524	-0.0420265719279604	0.966477515490553
pos_seq566	0.786777364135107	8.40350899382566	0.09362486131843	0.925407159879548
pos_seq567	0.847967436913718	8.40379084418088	0.100902967795883	0.919627487174207
pos_seq568	-1.97092274561012	8.41020055709463	-0.234349077912	0.814713987848505
pos_seq569	-0.685980878750976	8.4026628887582	-0.0816385100571796	0.934934176891511
pos_seq570	1.94110025981631	8.4102247715038	0.230802423544411	0.817468298348732
pos_seq571	-0.174708926033363	8.40458827608694	-0.0207873271472978	0.98341530702757
pos_seq572	-0.273073875832081	8.40859206012982	-0.0324755766339157	0.974092792776471
pos_seq573	0.698700078358129	8.40145822356947	0.0831641436242573	0.933721023183342
pos_seq574	1.09380239942981	8.44003633138557	0.129596882819371	0.896885369598397
pos_seq575	0.459495718893353	8.40492896121258	0.0546697920962632	0.956401535772874
pos_seq576	1.4615271795557	8.41270793058948	0.17372850592393	0.862078833687287
pos_seq577	0.911480842636066	8.44200662384586	0.107969690530855	0.914019735079935
pos_seq578	-1.10342217790458	8.47935519445242	-0.130130434755993	0.896463231390406
pos_seq579	-0.00480988924027082	8.45971860609763	-0.000568563738846341	0.999546351795384
pos_seq580	-14.5708777931907	881.845814013731	-0.0165231580868669	0.986817027127194
pos_seq581	-1.79656935846525	8.46954259118881	-0.212121178814814	0.832012497344108
pos_seq582	0.40065521887016	8.44988319947244	0.0474154742038534	0.962182096260197
pos_seq583	-14.5708777305435	623.587440756025	-0.0233662142279165	0.981358154784241
pos_seq584	-0.323263620356437	8.41334729592399	-0.0384227120296161	0.969350652769281
pos_seq585	-14.5708777915673	881.845813755819	-0.0165231580898585	0.986817027124807
pos_seq586	-14.5708777929475	881.845814007664	-0.0165231580867048	0.986817027127323
pos_seq587	-1.10342217790676	8.47935519445059	-0.130130434756278	0.896463231390181
pos_seq588	1.60462802319521	8.47150602111617	0.189414729706323	0.849767780796655
pos_seq589	-0.00480988923886963	8.51849257510976	-0.000564640891150587	0.999549481774492
pos_seq590	-14.5708777296378	623.587440757478	-0.0233662142264097	0.981358154785443
pos_seq591	-0.00480988923817154	8.45971860609978	-0.000568563738598046	0.999546351795582
pos_seq592	0.688337291322589	8.44496120062167	0.0815086386982948	0.935037455052068
pos_seq593	-0.474813518483663	8.41981425064655	-0.0563923982583348	0.955029212631453
pos_seq594	-0.410274997346102	8.42524445109195	-0.0486959161514808	0.961161630455625
pos_seq595	-14.5708777935823	881.845813908702	-0.0165231580892789	0.98681702712527
pos_seq596	0.80612032697778	8.40767963492525	0.0958790489148968	0.923616634452517
pos_seq597	0.911480842635816	8.44200662384684	0.107969690530813	0.914019735079969
pos_seq598	0.218333662076124	8.41388639866411	0.0259492048895251	0.97929785341677
pos_seq599	0.379864449200959	8.40176570869172	0.0452124544258577	0.963937967206395
pos_seq600	-0.564425677173339	8.40265437202901	-0.0671723067715619	0.946444531311446
pos_seq601	0.698919400652558	8.40242211663083	0.0831807056288203	0.933707854243542
pos_seq602	-0.435592805330719	8.40304587061857	-0.0518374898861113	0.958658183085148
pos_seq603	-0.762495590934932	8.40634705518657	-0.0907047479635623	0.927727197857053
pos_seq604	-0.479609690747233	8.40090395670398	-0.0570902480517588	0.954473304681898
pos_seq605	0.842487971149487	8.42876868188175	0.0999538607531699	0.920380955713569
pos_seq606	0.567259359768723	8.40216332958538	0.0675134887905964	0.94617292402461
pos_seq607	0.976019363773406	8.40355757042891	0.116143592233829	0.907538740957769
pos_seq608	0.190565786288628	8.40098258107844	0.022683749722067	0.981902538344649
pos_seq609	-0.896408008521596	8.40257575182479	-0.106682526286886	0.915040845487988
pos_seq610	-0.00480988923790047	8.40966595966791	-0.000571947715993514	0.999543651772703
pos_seq611	0.67094554861028	8.40362292079955	0.0798400350579323	0.936364482568501
pos_seq612	0.688337291321497	8.44496120061248	0.0815086386982542	0.9350374550521
pos_seq613	-0.383926167649377	8.40088820531692	-0.0457006638186651	0.963548834713043
pos_seq614	-0.00693078080708708	8.40078536905954	-0.000825015817284589	0.999341732691646
pos_seq615	0.538805557351244	8.40574739186648	0.0640996608906663	0.948890871862601
pos_seq616	0.220595253692405	8.40093645154571	0.0262584123763746	0.979051225579419
pos_seq617	1.53563515170907	8.42453942801987	0.182281199444753	0.85536205218094
pos_seq618	1.09380239942982	8.4137216764914	0.130002208474044	0.89656467941086
pos_seq619	0.0961660281020881	8.40088681408139	0.0114471281699566	0.990866712634134
pos_seq620	-0.120728991456399	8.40084708127167	-0.0143710497630107	0.988533955947672
pos_seq621	0.378850588903269	8.4006802926405	0.0450976082538416	0.964029507821678
pos_seq622	0.198789066003463	8.4022727153622	0.0236589637991646	0.98112463897957
pos_seq623	-0.279913179482977	8.40111398850391	-0.0333185789248915	0.97342053814505
pos_seq624	0.62599416074773	8.40153338703851	0.0745095129555141	0.94060497196551
pos_seq625	1.54275261947778	8.40773341304702	0.183492095156556	0.854411920631742
pos_seq626	0.74104710774142	8.40098479515652	0.0882095523097079	0.92971012526894
pos_seq627	1.36775427906973	8.40098462158409	0.162808806429148	0.870668974259804
pos_seq628	0.722086276058319	8.40073504841748	0.0859551303423556	0.931502085956265
pos_seq629	-0.610945692808356	8.41581789989709	-0.0725949277985003	0.942128463102446
pos_seq630	-0.898627765259631	8.40982730393364	-0.106854484971327	0.914904422109063
pos_seq631	0.506015734528337	8.40405232492459	0.0602109214655416	0.951987647426398
pos_seq632	0.554805898697905	8.42383434594028	0.0658614445528934	0.947488136693634
pos_seq633	-1.47114695803134	8.4066228879972	-0.1749985669194	0.861080759642233
pos_seq634	0.604955682382869	8.40419955058649	0.0719825461950927	0.94261579793316
pos_seq635	-1.73941094462571	8.42379286868546	-0.206487857873593	0.836409848395238
pos_seq636	0.339735045108442	8.40125309903487	0.0404386156569275	0.967743444572058
pos_seq637	2.07463165244161	8.46708766351144	0.245023051005146	0.806438583158301
pos_seq638	0.882493305763272	8.41250346283268	0.104902578603649	0.916453112830462
pos_seq639	-1.13253026206391	8.40152861379929	-0.134800500495084	0.892769610112332
pos_seq640	-3.43879709372363	8.46162091271035	-0.406399332846281	0.684449209813246
pos_seq641	-2.89518164713476	8.43182182372841	-0.343363712808457	0.731324854920703
pos_seq642	-14.5708777302901	623.587440796675	-0.023366214225987	0.98135815478578
pos_seq643	-0.567493164240827	8.40078404932687	-0.0675524047408763	0.946141944313889
pos_seq644	0.506015734527818	8.43215055767982	0.0600102822010157	0.952147445438805
pos_seq645	0.218333662076508	8.40435073418472	0.0259786471295677	0.979274369824783
pos_seq646	-1.10342217790612	8.4793551944499	-0.130130434756213	0.896463231390233
pos_seq647	-14.5708776757287	235.822179657134	-0.0617875625478213	0.950732008211844
pos_seq648	-0.84105791343853	8.40217041107023	-0.100100077990611	0.920264873417007
pos_seq649	-0.907997396113862	8.40102729572296	-0.108081710028026	0.91393087643847
pos_seq650	0.165296079787875	8.40089600162462	0.0196760059588774	0.98430183154547
pos_seq651	-0.320079918208504	8.40125177606902	-0.0380990746069832	0.96960868913264
pos_seq652	-1.39110425035897	8.40243686493795	-0.165559619515123	0.868503527602771
pos_seq653	-0.107464043297894	8.40155132926076	-0.0127909762240719	0.989794555837851
pos_seq654	-0.00480988923831687	8.41372167648867	-0.000571672016648428	0.999543871748918
pos_seq655	-0.0139423728011478	8.4010758392773	-0.00165959373155084	0.998675836392237
pos_seq656	0.0858444790300141	8.40136288477386	0.0102179229974215	0.991847418860129
pos_seq657	0.320612511196758	8.40065087547293	0.0381651988577264	0.969555967957696
pos_seq658	0.400655218869431	8.44988319946727	0.0474154742037961	0.962182096260243
pos_seq659	-14.5708777937113	881.845814207438	-0.0165231580838277	0.986817027129619
pos_seq660	-0.697957069797554	8.48915645533763	-0.0822174822044547	0.934473771721237
pos_seq661	-0.00480988923773684	8.45971860609768	-0.000568563738546803	0.999546351795623
pos_seq662	-0.00480988923885951	8.51849257510868	-0.00056464089114947	0.999549481774493
pos_seq663	0.366049689692798	8.40258183382456	0.0435639541431499	0.965251984831154
pos_seq664	1.38148447188121	8.47445031307717	0.163017590621707	0.870504584624101
pos_seq665	-0.105523864839754	8.40128239039489	-0.0125604473146146	0.98997847651892
pos_seq666	-0.296649971838106	8.40110982934639	-0.0353108074842518	0.971831905579862
pos_seq667	0.421274506072984	8.40075258957783	0.0501472340222979	0.960005059755284
pos_seq668	0.103403695402313	8.40375269686576	0.0123044667224534	0.990182703696815
pos_seq669	-0.4384458743132	8.40193174340731	-0.0521839367068451	0.958382132144416
pos_seq670	0.36604968969276	8.40087487167383	0.0435728058427594	0.965244928896678
pos_seq671	0.688337291322915	8.41536875312867	0.081795261920876	0.934809523889816
pos_seq672	0.605044773211212	8.40090912573044	0.0720213448516032	0.942584921224729
pos_seq673	0.494842433930005	8.4014170047034	0.0588998776817025	0.953031855480025
pos_seq674	1.09912763072891	8.40071441141363	0.130837399880608	0.895903936460603
pos_seq675	0.643885528751189	8.40249930208459	0.0766302388851668	0.938917702523157
pos_seq676	0.16614790890587	8.40238838589368	0.0197738906219578	0.984223746076064
pos_seq677	0.866320446517498	8.40162750424841	0.103113408215186	0.917872963532046
pos_seq678	0.457813632710094	8.4033797103926	0.0544797032251094	0.956552979050545
pos_seq679	-0.104893347794964	8.40648558059707	-0.0124776693886286	0.990044518572537
pos_seq680	2.80860082752102	8.42149305010411	0.333503906113928	0.738753941411085
pos_seq681	1.563806028676	8.40412103852101	0.186076095466517	0.852385087576475
pos_seq682	2.2389347037332	8.40991291392421	0.266225670425935	0.790065414053263
pos_seq683	0.694768181652534	8.40110696724792	0.0826995995124354	0.934090403326036
pos_seq684	1.15442702124688	8.40080436021803	0.13741862942478	0.890699906584237
pos_seq685	0.368092591322485	8.4007385475878	0.0438166941200878	0.965050519880605
pos_seq686	1.03668549745213	8.40059014544644	0.123406270214726	0.901785392114765
pos_seq687	-0.0825188735651622	8.40082218688682	-0.0098227139831586	0.99216273419855
pos_seq688	-0.203085373974338	8.40072309339374	-0.0241747492110581	0.980713219453402
pos_seq689	1.15622515734859	8.40091020932103	0.137630938617309	0.890532102727166
pos_seq690	1.64879924150921	8.40281567966054	0.196219851103032	0.844438091138104
pos_seq691	1.0186568837448	8.40057816691515	0.121260330361151	0.903484839884165
pos_seq692	1.53680542685803	8.40092745017453	0.182932829258763	0.854850723497185
pos_seq693	0.80829660640114	8.40074356601875	0.0962172693463377	0.923348015493778
pos_seq694	-0.00480988923830317	8.41042655554837	-0.000571895992020771	0.999543693042455
pos_seq695	0.0492573320323068	8.40695661190611	0.00585911576640559	0.995325128737505
pos_seq696	0.601325914332501	8.40817914178939	0.0715167819562571	0.942986468686794
pos_seq697	-0.347754640364365	8.40514780664961	-0.0413740065450419	0.966997734820218
pos_seq698	-0.697957069797665	8.44496120061388	-0.0826477532835709	0.934131629501411
pos_seq699	0.376557667291375	8.40410250745398	0.0448064105545343	0.964261615342893
pos_seq700	-0.241198667302106	8.40761601139691	-0.0286881164619257	0.977113334157847
pos_seq701	0.282872183213603	8.41207427736221	0.0336269240958609	0.973174652081758
pos_seq702	-0.0167860802845454	8.40195597083097	-0.0019978776778671	0.998405925306919
pos_seq703	-0.410274997345057	8.40760113829398	-0.0487981043102037	0.961080192917853
pos_seq704	1.94110025981794	8.4681398625225	0.229223925363902	0.81869487784132
pos_seq705	1.05606207144736	8.40941241241942	0.125580958532574	0.900063636501787
pos_seq706	-14.5708777944382	881.84581431699	-0.0165231580825994	0.986817027130598
pos_seq707	-0.14791073287866	8.40223892858711	-0.0176037284985339	0.985954982226903
pos_seq708	0.351865054700861	8.40184462389963	0.0418795003301961	0.966594758425086
pos_seq709	1.09380239943046	8.47935519444968	0.128995940652	0.897360860883561
pos_seq710	1.36279233886988	8.40329306708834	0.162173605988739	0.871169144008507
pos_seq711	1.60462802319647	8.47150602112366	0.189414729706304	0.849767780796669
pos_seq712	0.52325754096262	8.4019017419926	0.0622784646894149	0.950341077868693
pos_seq713	-0.368477868667693	8.40229955893852	-0.0438544074848771	0.9650204578659
pos_seq714	0.603179482981674	8.40240527415022	0.071786525798433	0.942771796008703
pos_seq715	0.177511667556238	8.4059760933466	0.0211173176779244	0.983152070465909
pos_seq716	0.182401652850396	8.4037283283014	0.0217048488152715	0.982683395889775
pos_seq717	0.282872183214077	8.40548145208904	0.0336532993174084	0.973153619603842
pos_seq718	1.60462802319538	8.47150602111883	0.189414729706284	0.849767780796685
pos_seq719	1.03243345305311	8.40340596713094	0.122858928521526	0.902218809452189
pos_seq720	1.48911513607442	8.4071423770762	0.177125005059365	0.859410201255651
pos_seq721	0.74896191313846	8.40152592010822	0.0891459385188462	0.928965929040606
pos_seq722	0.688337291321517	8.44496120061784	0.0815086386982048	0.93503745505214
pos_seq723	-0.815740105454344	8.42195383848176	-0.0968587718596898	0.922838550095309
pos_seq724	1.19388585798698	8.40460119139728	0.14205145857593	0.88703935969877
pos_seq725	1.21896554238448	8.41589187471257	0.144840922451384	0.884836471442582
pos_seq726	-0.0918212662274944	8.40570629262606	-0.0109236824403495	0.991284335769519
pos_seq727	1.3169459507448	8.40993217605074	0.156594122660717	0.875564734835182
pos_seq728	0.984603107465091	8.40146989023506	0.117194148206076	0.906706204020676
pos_seq729	2.29777520375574	8.43313668265517	0.272469816418567	0.78526079661963
pos_seq730	0.634270070051774	8.40530788685683	0.0754606587396479	0.939848198031522
pos_seq731	-0.623849097643882	8.40705767996164	-0.0742054023408019	0.940846947258818
pos_seq732	-14.5708777081851	509.180110819738	-0.0286163528357917	0.977170569748537
pos_seq733	-14.5708777942381	881.845814229082	-0.0165231580840196	0.986817027129466
pos_seq734	0.400655218870906	8.44988319947377	0.0474154742039343	0.962182096260133
pos_seq735	0.0218583578443123	8.40211740085446	0.00260152968608715	0.997924281970396
pos_seq736	1.78694957999213	8.46954259120308	0.210985370313641	0.832898687201974
pos_seq737	1.47679465168651	8.4150992535541	0.175493432363592	0.860691930916478
pos_seq738	3.08623256411969	8.46239900580087	0.364699485571894	0.715335742653272
pos_seq739	1.47679465168675	8.41509925355672	0.175493432363566	0.860691930916499
pos_seq740	-0.292491961689492	8.4351085867492	-0.0346755419543704	0.972338463888721
pos_seq741	1.98762027545259	8.41177471558564	0.23629024107955	0.813207459054962
pos_seq742	2.24648190936916	8.40600212629301	0.267247363921361	0.789278710701931
pos_seq743	-14.5708777940778	881.84581434317	-0.0165231580817001	0.986817027131316
pos_seq744	2.07463165244173	8.42277661215473	0.246312083054402	0.80544065711182
pos_seq745	0.688337291322099	8.40738375917508	0.0818729477610568	0.934747746759247
pos_seq746	0.554805898697531	8.41219195942704	0.0659525961097207	0.947415566058871
pos_seq747	1.09380239943024	8.40932789497229	0.130070133201037	0.896510939600176
pos_seq748	2.39308538356022	8.46507855677395	0.282700906732309	0.777406121117971
pos_seq749	0.768379998995904	8.41498868713202	0.0913108772410938	0.927245575308119
pos_seq750	0.677408220790034	8.4024770568904	0.0806200619416783	0.935744111015699
pos_seq751	1.75709661684085	8.40462612134385	0.209063031653322	0.834399033451876
pos_seq752	1.02480952794304	8.41663913486804	0.121759946163963	0.903089136188094
pos_seq753	1.15788125611464	8.40110667330349	0.137824848694528	0.890378845353094
pos_seq754	0.842487971149616	8.4287686818836	0.0999538607531631	0.920380955713575
pos_seq755	2.19241468809872	8.4662691960986	0.258958773612942	0.795667049579521
pos_seq756	0.688337291321496	8.41536875312222	0.08179526192077	0.9348095238899
pos_seq757	1.09380239943032	8.41183890829194	0.130031306038458	0.896541658316486
pos_seq758	1.18081377642022	8.40757972999607	0.140446337036494	0.888307348971264
pos_seq759	0.331662347383546	8.41070904507257	0.039433339758418	0.968544899289233
pos_seq760	-1.18346488557979	8.40441597204798	-0.140814649050671	0.888016370111529
pos_seq761	0.958000858271272	8.40248728753885	0.114013961043656	0.909226726300712
pos_seq762	-0.793267249602176	8.40139730098947	-0.0944208708602258	0.924774837319059
pos_seq763	-0.985639142249426	8.40960257356918	-0.117204009776541	0.906698389479374
pos_seq764	0.128721503386619	8.40848418317299	0.0153085265527663	0.987786040075694
pos_seq765	-0.00480988923822223	8.51849257510722	-0.000564640891074755	0.999549481774552
pos_seq766	0.272573431013511	8.40138913204466	0.0324438526450179	0.974118091526108
pos_seq767	1.46152717955516	8.41270793058537	0.17372850592395	0.862078833687271
pos_seq768	-0.341282125859302	8.40150307407694	-0.0406215557918841	0.967597599301363
pos_seq769	1.91744606891972	8.40177119302979	0.228219267683754	0.819475783204696
pos_seq770	0.0386752227019209	8.40311659447808	0.00460248555010357	0.996327760803022
pos_seq771	1.05808431682815	8.40263610789824	0.125922901246857	0.899792954396377
pos_seq772	-0.181740597397043	8.40229383246155	-0.0216298788189129	0.98274319925265
pos_seq773	0.313643841880519	8.40373873391599	0.0373219410801895	0.970228311226261
pos_seq774	0.228804961943633	8.40133350208901	0.0272343624838533	0.978272808565024
pos_seq775	1.49926750753863	8.43675148809786	0.17770672866846	0.858953300649485
pos_seq776	0.506015734527836	8.40264494683589	0.060221006329487	0.951979615444199
pos_seq777	1.79799941617659	8.40514442708886	0.213916540253828	0.830612141522894
pos_seq778	0.652619208719944	8.40211522510577	0.0776732038582259	0.938088009915638
pos_seq779	-1.40105458121031	8.40349671742677	-0.166722809363972	0.867588157451124
pos_seq780	1.53563515170951	8.41254499574741	0.182541092200492	0.855158109128622
pos_seq781	0.837372870482753	8.40356784035873	0.0996449230124865	0.92062622787433
pos_seq782	0.911480842636081	8.44200662384416	0.107969690530879	0.914019735079917
pos_seq783	-0.99827088915525	8.40099323696062	-0.118827722032117	0.905411845277685
pos_seq784	-0.134519433905978	8.4007953164368	-0.0160127022310353	0.987224258079617
pos_seq785	0.494181276881082	8.40334044208463	0.0588077182266924	0.953105260846497
pos_seq786	0.290344198052475	8.40087878819729	0.0345611697743325	0.972429665019821
pos_seq787	1.69993820300174	8.43555668249448	0.201520571431813	0.840291545692369
pos_seq788	1.94110025981753	8.46813986252105	0.229223925363893	0.818694877841326
pos_seq789	1.12738980675385	8.40081095116791	0.134200116311047	0.893244333941733
pos_seq790	0.438589034073841	8.4008391234292	0.0522077649184656	0.958363145863054
pos_seq791	0.927550409693081	8.40066236561044	0.110413961343116	0.912081081277152
pos_seq792	0.126526112823259	8.40151125204664	0.01505992303378	0.987984374119409
pos_seq793	0.127981584743922	8.4008630216335	0.0152343377596266	0.98784522726619
pos_seq794	1.26395342060443	8.4011470758458	0.15045010034861	0.880409516690167
pos_seq795	1.31924216300528	8.40312599078536	0.156994214349746	0.87524940784054
pos_seq796	1.06093825203183	8.40080050025799	0.126290137707621	0.899502262723368
pos_seq797	1.60867388171588	8.40101466998553	0.191485665114147	0.848145110328273
pos_seq798	0.663257606925082	8.40081158997132	0.0789516107844703	0.937071111854655
pos_seq799	-1.98197258179733	8.40804312516788	-0.235723408204778	0.813647304555833
pos_seq800	-1.38498802334014	8.40234624616452	-0.164833486119708	0.869075046422809
pos_seq801	0.0618814852608652	8.40092982644734	0.0073660281110852	0.994122813043537
pos_seq802	-0.571916348902441	8.40298254421605	-0.0680611135264231	0.945736985454336
pos_seq803	-1.70570935581529	8.40152259274695	-0.203023837284902	0.839116400730864
pos_seq804	-0.587956174583499	8.40181866722707	-0.0699796315382213	0.944209871563811
pos_seq805	0.128721503386344	8.41642741788884	0.0152940787100178	0.987797566436948
pos_seq806	-0.515952419994233	8.40068402037147	-0.0614179058208903	0.951026392496115
pos_seq807	-0.353116583506102	8.40334737179854	-0.0420209433078007	0.966482002515893
pos_seq808	-0.787188203525496	8.40168743029137	-0.0936940596822698	0.925352189206907
pos_seq809	-0.55752645471297	8.4010337856002	-0.0663640295874775	0.947088007276128
pos_seq810	-14.5708776700254	158.599625428485	-0.0918720812275535	0.926799673580327
pos_seq811	-2.86701077016792	8.41621569559169	-0.340653195434336	0.733364677871625
pos_seq812	-14.570877707667	509.180110796058	-0.0286163528361049	0.977170569748287
pos_seq813	-0.852107749625246	8.42876868187983	-0.101095163693021	0.919474917192128
pos_seq814	-0.260970727379925	8.40068204757686	-0.0310654213434016	0.975217366122469
pos_seq815	-0.00480988923749705	8.41536875312404	-0.000571560127500233	0.999543961023527
pos_seq816	0.47211418285226	8.40320686473713	0.0561826205699422	0.955196326068729
pos_seq817	-0.697957069797853	8.42277661215746	-0.0828654376028945	0.933958536288013
pos_seq818	-1.85063657973573	8.42342611355475	-0.219701170852289	0.826103892737138
pos_seq819	0.0492573320322727	8.40695661190673	0.0058591157664011	0.995325128737508
pos_seq820	-0.14457183161313	8.40238390583713	-0.0172060492871191	0.986272236271205
pos_seq821	0.582976775664272	8.4028428736286	0.0693785168224293	0.94468832880025
pos_seq822	0.356203456299279	8.40272422242073	0.0423914253128565	0.966186663815442
pos_seq823	-0.31229458898574	8.40465504528767	-0.0371573357030087	0.970359556278925
pos_seq824	0.0417101263969234	8.40237589602545	0.0049640871716598	0.996039247754176
pos_seq825	-0.515635513004137	8.43215055768323	-0.0611511273994388	0.951238851528301
pos_seq826	-0.0864879202521113	8.40296136323415	-0.0102925524125965	0.991787876333116
pos_seq827	0.954040457055052	8.40410490581397	0.113520769641398	0.909617697723265
pos_seq828	0.829748945371987	8.40161152572209	0.0987606892834376	0.921328281256275
pos_seq829	-14.5708776975558	440.982913996035	-0.0330418191614718	0.973641238965594
pos_seq830	0.688337291322252	8.44496120061459	0.0815086386983231	0.935037455052046
pos_seq831	0.911480842636775	8.44200662384566	0.107969690530942	0.914019735079867
pos_seq832	-0.00480988923763934	8.51849257510216	-0.000564640891006665	0.999549481774607
pos_seq833	1.18732845744107	8.40281030196331	0.14130135213973	0.887631881479974
pos_seq834	1.69993820299973	8.43555668248712	0.201520571431751	0.840291545692418
pos_seq835	0.688337291321744	8.44496120061811	0.081508638698229	0.93503745505212
pos_seq836	-0.00480988923893267	8.51849257510279	-0.000564640891158449	0.999549481774486
pos_seq837	1.46152717955606	8.42486483062098	0.173477819400022	0.862275861099163
pos_seq838	0.658653133034148	8.40078408911716	0.0784037687490866	0.937506875733465
pos_seq839	0.113437938432548	8.40076808600297	0.013503281756052	0.989226267378923
pos_seq840	1.00205927278968	8.40060135509948	0.119284231024889	0.905050176116252
pos_seq841	0.00524044661552406	8.40172722536219	0.000623734438759782	0.999502331953542
pos_seq842	-0.381990283507465	8.40093233404038	-0.045469986939384	0.963732697098839
pos_seq843	0.762602582755498	8.40072498819239	0.0907781868621305	0.927668842836991
pos_seq844	1.10955075639878	8.40428889366406	0.132021967645027	0.894966916166801
pos_seq845	0.935541383908229	8.40064041405461	0.111365483796096	0.911326529704925
pos_seq846	1.41078662256934	8.40085860004326	0.167933623184906	0.866635498268604
pos_seq847	0.621059578489186	8.40064030348995	0.0739300286706924	0.941066061798799
pos_seq848	1.11166001683014	8.40266400911302	0.132298520519743	0.894748177544734
pos_seq849	0.917178863751009	8.40290499254433	0.109150212285489	0.9130833491188
pos_seq850	1.247953079257	8.40169037730706	0.148535952077896	0.881919814976751
pos_seq851	1.34374414389933	8.40330383888018	0.159906647392914	0.872954612043024
pos_seq852	-0.367715382927482	8.40682551802567	-0.0437400992965819	0.965111575171962
pos_seq853	2.42880346616315	8.41344424238243	0.288681234009746	0.772825324669324
pos_seq854	0.842487971148732	8.42876868188142	0.0999538607530842	0.920380955713637
pos_seq855	1.39918404898087	8.40229471909701	0.166524038463059	0.867744567311638
pos_seq856	2.03826400827076	8.41011266716892	0.242358704209476	0.808502229877903
pos_seq857	0.497818967323571	8.40150606660296	0.0592535389937363	0.952750166565255
pos_seq858	-0.202635632567944	8.40391172457703	-0.0241120610507296	0.980763222792967
pos_seq859	-0.871803999600888	8.40160111198012	-0.103766411661434	0.917354722146428
pos_seq860	-0.252311884384419	8.40125782543756	-0.0300326319733293	0.976041028350621
pos_seq861	-1.02524088036478	8.40102611515609	-0.122037578066228	0.902869257685289
pos_seq862	-1.00811199810223	8.40299281505865	-0.119970589085312	0.90450644616258
pos_seq863	0.428826095836932	8.40332981650831	0.0510304968626252	0.959301219217266
pos_seq864	0.506015734527689	8.4163568443827	0.060122894487942	0.952057755779711
pos_seq865	0.110205361645495	8.4008128716565	0.0131184164353091	0.989533318271793
pos_seq866	0.862690678466727	8.40454862080159	0.102645688351607	0.918244180262889
pos_seq867	-0.673351258995772	8.40115723577221	-0.0801498222326604	0.936118097759581
pos_seq868	14.5612578235848	623.58742730409	0.0233507880146596	0.981370459764253
pos_seq869	14.5612577575084	881.845775990458	0.0165122498218623	0.986825729476195
pos_seq870	14.5612577604778	881.845776677667	0.0165122498123618	0.986825729483774
pos_seq871	14.5612578660366	360.093702126174	0.0404374133178661	0.96774440311579
pos_seq872	14.561257759395	881.845776449047	0.0165122498154147	0.986825729481338
pos_seq873	14.5612578788919	227.83619406745	0.0639110828658818	0.949041027471329
pos_seq874	14.5612577596467	881.845776286818	0.0165122498187378	0.986825729478687
pos_seq875	14.5612577599424	881.845776371873	0.0165122498174805	0.98682572947969
pos_seq876	14.5612578660618	360.093702128544	0.0404374133176697	0.967744403115947
pos_seq877	14.561257759102	881.845776390663	0.0165122498161757	0.986825729480731
pos_seq878	14.5612578769043	254.693976937582	0.057171583136702	0.954408514495404
pos_seq879	14.5612577585509	881.845776094168	0.0165122498211025	0.986825729476801
pos_seq880	14.5612578828885	166.857228075473	0.0872677680843542	0.930458673592747
pos_seq881	14.5612578240288	623.58742733751	0.0233507880141203	0.981370459764683
pos_seq882	14.5612578557498	440.982909389274	0.0330200049609995	0.973658634687044
pos_seq883	14.5612578226129	623.587427278305	0.0233507880140666	0.981370459764726
pos_seq884	14.5612578555881	440.982909379106	0.0330200049613941	0.973658634686729
pos_seq885	14.5612578554776	440.982909356353	0.0330200049628472	0.97365863468557
pos_seq886	14.5612578560725	440.982909363779	0.0330200049636403	0.973658634684938
pos_seq887	14.5612578237797	623.58742729483	0.0233507880153189	0.981370459763727
pos_seq888	14.5612578237234	623.58742730995	0.0233507880146625	0.981370459764251
pos_seq889	14.5612578229168	623.587427147226	0.0233507880194624	0.981370459760422
pos_seq890	14.5612578808429	202.47446185215	0.0719165160269734	0.942668346194449
pos_seq891	14.561257823879	623.587427288807	0.0233507880157037	0.98137045976342
pos_seq892	14.5612578232366	623.587427269445	0.0233507880153986	0.981370459763664
pos_seq893	14.5612577597082	881.845776422267	0.0165122498162713	0.986825729480655
pos_seq894	14.5612577588911	881.845776306599	0.0165122498175105	0.986825729479666
pos_seq895	14.5612577600901	881.845776563364	0.0165122498140624	0.986825729482417
pos_seq896	14.5612577595505	881.845776447555	0.016512249815619	0.986825729481175
pos_seq897	14.5612578230418	623.587427235277	0.0233507880163657	0.981370459762892
pos_seq898	14.5612577590712	881.845776308487	0.0165122498176795	0.986825729479532
pos_seq899	14.5612578239043	623.587427448907	0.0233507880097493	0.98137045976817
pos_seq900	14.5612578240025	623.587427290582	0.0233507880158354	0.981370459763315
pos_seq901	14.5612578455258	509.18010359928	0.0285974603928856	0.977185637570371
pos_seq902	14.5612578688868	333.397106730526	0.0436754176173947	0.965163134413049
pos_seq903	14.561257823415	623.587427257638	0.0233507880161268	0.981370459763083
pos_seq904	14.5612578771348	254.693976937425	0.0571715831376423	0.954408514494655
pos_seq905	14.5612577589238	881.845776069868	0.0165122498219804	0.9868257294761
pos_seq906	14.5612577588178	881.845776087423	0.0165122498215314	0.986825729476459
pos_seq907	14.5612577588411	881.845776365968	0.0165122498163422	0.986825729480598
pos_seq908	14.5612577593823	881.845776504804	0.0165122498143562	0.986825729482183
pos_seq909	14.5612578661699	360.093702173065	0.0404374133129703	0.967744403119694
pos_seq910	14.561257845453	509.180103542196	0.0285974603959487	0.977185637567928
pos_seq911	14.5612578234469	623.587427231217	0.0233507880171673	0.981370459762253
pos_seq912	14.5612578236523	623.587427295838	0.0233507880150769	0.98137045976392
pos_seq913	14.5612578452053	509.180103560031	0.0285974603944605	0.977185637569115
pos_seq914	14.5612577589954	881.845776111702	0.0165122498212782	0.986825729476661
pos_seq915	14.5612577591359	881.845776318099	0.0165122498175728	0.986825729479617
pos_seq916	14.5612578454465	509.180103615804	0.0285974603918018	0.977185637571236
pos_seq917	14.5612577586632	881.845776004508	0.0165122498229087	0.98682572947536
pos_seq918	14.5612578234837	623.58742727897	0.0233507880154381	0.981370459763632
pos_seq919	14.5612577586943	881.845776454475	0.0165122498145185	0.986825729482053
pos_seq920	14.5612578557538	440.982909406512	0.0330200049597178	0.973658634688066
pos_seq921	14.5612578556953	440.982909385958	0.033020004961124	0.973658634686944
pos_seq922	14.5612578834089	158.599625213278	0.0918114268165993	0.926847865123561
pos_seq923	14.5612578555358	440.982909415218	0.0330200049585715	0.97365863468898
pos_seq924	14.5612577588887	881.845776534715	0.0165122498132365	0.986825729483076
pos_seq925	14.561257845244	509.180103671501	0.0285974603882759	0.977185637574048
pos_seq926	14.5612578234586	623.587427311285	0.0233507880141879	0.981370459764629
pos_seq927	14.5612577595606	881.845776479703	0.0165122498150284	0.986825729481646
pos_seq928	14.5612578616775	394.444996430894	0.0369158133413631	0.97055213111839
pos_seq929	14.5612578551526	440.982909294489	0.0330200049667427	0.973658634682464
pos_seq930	14.5612578781419	235.822178894412	0.061746770157109	0.950764493802212
pos_seq931	14.5612578820146	184.061015693118	0.0791110373219519	0.936944304517125
pos_seq932	14.5612578246501	623.587427361378	0.0233507880142228	0.981370459764602
pos_seq933	14.5612577597151	881.845776568329	0.0165122498135441	0.986825729482831
pos_seq934	14.5612577589644	881.84577625551	0.0165122498185502	0.986825729478837
pos_seq935	14.5612577586894	881.845776488513	0.0165122498138756	0.986825729482566
pos_seq936	14.5612578561996	440.982909494966	0.0330200049541054	0.973658634692541
pos_seq937	14.5612578718166	311.878579199843	0.0466888681780424	0.962761202578607
pos_seq938	14.5612578557176	440.982909406494	0.0330200049596371	0.97365863468813
pos_seq939	14.5612578806147	202.474461845107	0.0719165160283477	0.942668346193355
pos_seq940	14.5612577588028	881.845776442963	0.0165122498148571	0.986825729481783
pos_seq941	14.5612578862672	82.6568005623619	0.176165273603606	0.860164101735189
